;;;;;;;;;;;;;;;;;;;;;;;;;;;;;;
;;;;;;;;;;;;;;;;;;;;;;;;;;;;;;
;;;;;;;;;;;;;;;;;;;;;;;;;;;;;;
;;;;;;;;;;;;;;;;;;;;;;;;;;;;;;
;;;;;;;;;;;;;;;;;;;;;;;;;;;;;;
;;;;;;;;;;;;;;;;;;;;;;;;;;;;;;
;;;;;;;;;;;;;;;;;;;;;;;;;;;;;;
;;;;;;;;;;;;;;;;;;;;;;;;;;;;;;
;;;;;;;;;;;;;;;;;;;;;;;;;;;;;;
;;;;;;;;;;;;;;;;;;;;;;;;;;;;;;
;;;;;;;;;;;;;;;;;;;;;;;;;;;;;;
;;;;;;;;;;;;;;;;;;;;;;;;;;;;;;
;;;;;;;;;;;;;;;;;;;;;;;;;;;;;;
;;;;;;;;;;;;;;;;;;;;;;;;;;;;;;
1ª RODADA  - Grupo A;;;;;;;;;;;;;;;;;;;;;;;;;;;;;;
11/04/26;;14h00;;Local: Ginásio José Aparecido Franco - Atibaia Jardim;;;;;;;;;;;;;;;;;;;;;;;;;;
Jogo nº 001;;;;ATIBAIA FUTSAL;;;;;;;;vs;MX7 FUTSAL;;;;;;;;;;;;;;;;;
11/04/26;;14h00;;Local: Ginásio Educamais;;;;;;;;;;;;;;;;;;;;;;;;;;
Jogo nº 002;;;;AA ALIANÇA/JACAREÍ;;;;;;;;vs;AECT BOLA NO PÉ;;;;;;;;;;;;;;;;;
11/04/26;;14h30;;Local: Arena Guarulhense;;;;;;;;;;;;;;;;;;;;;;;;;;
Jogo nº 003;;;;GUARULHENSE;;;;;;;;vs;ADC LAZULI;;;;;;;;;;;;;;;;;
12/04/26;;8h30;;Local: Ginásio do Colégio Santa Virginia;;;;;;;;;;;;;;;;;;;;;;;;;;
Jogo nº 004;;;;A LIGA LESTE;;;;;;;;vs;CTC VILA EMA;;;;;;;;;;;;;;;;;
12/04/26;;14h00;;Local: Arena Mirante dos Ovines;;;;;;;;;;;;;;;;;;;;;;;;;;
Jogo nº 005;;;;LIGA SOROCABANA/KGB FUTSAL;;;;;;;;vs;ITAPEVI/LAIFS/SEL;;;;;;;;;;;;;;;;;
12/04/26;;14h30;;Local: Ginásio CDC Unileste;;;;;;;;;;;;;;;;;;;;;;;;;;
Jogo nº 005;;;;UNILESTE/PONTO DE ENCONTRO;;;;;;;;vs;AE CHUTE FUTSAL;;;;;;;;;;;;;;;;;
AA CAMILÓPOLIS;;;;;;;;;;;;;;;;;;;;;;;;;;;;;;
1ª RODADA  - Grupo B;;;;;;;;;;;;;;;;;;;;;;;;;;;;;;
11/04/26;;14h30;;Local: Ginásio Rubens Batazza - Bragança Paulista;;;;;;;;;;;;;;;;;;;;;;;;;;
Jogo nº 007;;;;JUBA FUTSAL;;;;;;;;vs;AD OLIMPIK;;;;;;;;;;;;;;;;;
11/04/26;;14h30;;Local: Ginásio dos Securitários;;;;;;;;;;;;;;;;;;;;;;;;;;
Jogo nº 008;;;;C13 ESPORTES;;;;;;;;vs;INST BONS DE BOLA/CONEXÃO 29;;;;;;;;;;;;;;;;;
11/04/26;;14h30;;Local: Arena Conde;;;;;;;;;;;;;;;;;;;;;;;;;;
Jogo nº 009;;;;"SELECIONADOS ""B""";;;;;;;;vs;AE FRIBURGO;;;;;;;;;;;;;;;;;
12/04/26;;08h30;;Local: Ginásio Agostinho Fávaro;;;;;;;;;;;;;;;;;;;;;;;;;;
Jogo nº 010;;;;SC PAULINENSE;;;;;;;;vs;CFAF/TABOÃO;;;;;;;;;;;;;;;;;
12/04/26;;9h30;;Local: Ginásio José Elias de Proença;;;;;;;;;;;;;;;;;;;;;;;;;;
Jogo nº 011;;;;AE CAPÃO BONITO;;;;;;;;vs;ADEF;;;;;;;;;;;;;;;;;
12/04/26;;14h00;;Local: Ginásio Cidade Nova - Pindamonhangaba;;;;;;;;;;;;;;;;;;;;;;;;;;
Jogo nº 012;;;;INST FAMÍLIA/LORENA;;;;;;;;vs;ASTROS/INDIANO;;;;;;;;;;;;;;;;;
12/04/26;;15h00;;Local: Arena Conde;;;;;;;;;;;;;;;;;;;;;;;;;;
Jogo nº 013;;;;AE METRÓPOLE;;;;;;;;vs;AE RAPOSAS DA LESTE;;;;;;;;;;;;;;;;;
TABOÃO F9;;;;;;;;;;;;;;;;;;;;;;;;;;;;;;
1ª RODADA - Grupo C ;;;;;;;;;;;;;;;;;;;;;;;;;;;;;;
11/04/26;;8h30;;Local: Ginásio Presidente Ciro I;;;;;;;;;;;;;;;;;;;;;;;;;;
Jogo nº 014;;;;ACAP;;;;;;;;vs;PROSPERE HORTOLÂNDIA;;;;;;;;;;;;;;;;;
11/04/26;;14h30;;Local: Ginásio do GE Mauaense;;;;;;;;;;;;;;;;;;;;;;;;;;
Jogo nº 015;;;;A UNIÃO MAUÁ;;;;;;;;vs;AA FERROVIÁRIA/SEMELP PINDA;;;;;;;;;;;;;;;;;
11/04/26;;14h30;;Local: Ginásio Sport Nico;;;;;;;;;;;;;;;;;;;;;;;;;;
Jogo nº 016;;;;EVY GUAIANASES FUTSAL;;;;;;;;vs;AEC INCRÍVEIS;;;;;;;;;;;;;;;;;
12/04/26;;14h30;;Local: Ginásio Ernesto Diogo de Farias;;;;;;;;;;;;;;;;;;;;;;;;;;
Jogo nº 017;;;;EF ATLÉTICO MANGALOT;;;;;;;;vs;AE DISCÍPULOS DO FUTSAL;;;;;;;;;;;;;;;;;
11/04/26;;15h00;;Local: Ginásio do CDC Ipasure;;;;;;;;;;;;;;;;;;;;;;;;;;
Jogo nº 018;;;;ROSA NEGRA/IPASURE;;;;;;;;vs;KILOUKURA FUTSAL;;;;;;;;;;;;;;;;;
12/04/26;;08h30;;Local: Ginásio do Ocian Praia Clube;;;;;;;;;;;;;;;;;;;;;;;;;;
Jogo nº 019;;;;OCIAN PRAIA CLUBE/AJR;;;;;;;;vs;AE FUTMAX;;;;;;;;;;;;;;;;;
12/04/26;;14h30;;Local: Ginásio Vila Aparecida - Taubaté;;;;;;;;;;;;;;;;;;;;;;;;;;
Jogo nº 020;;;;ABESC/CAÇAPAVA FUTSAL;;;;;;;;vs;AD GALATA;;;;;;;;;;;;;;;;;
2ª RODADA  - Grupo A;;;;;;;;;;;;;;;;;;;;;;;;;;;;;;
18/04/26;;08h30;;Local: Arena CIEF - Parque da Cohab;;;;;;;;;;;;;;;;;;;;;;;;;;
Jogo nº 021;;;;ITAPEVI/LAIFS/SEL;;;;;;;;vs;CA DESPORTIVO SOROCABA;;;;;;;;;;;;;;;;;
18/04/26;;08h30;;Local: Arena CTC Vila Ema;;;;;;;;;;;;;;;;;;;;;;;;;;
Jogo nº 022;;;;CTC VILA EMA;;;;;;;;vs;UNILESTE/PONTO DE ENCONTRO;;;;;;;;;;;;;;;;;
19/04/26;;8h30;;Local: Ginásio Presidnete Ciro I;;;;;;;;;;;;;;;;;;;;;;;;;;
Jogo nº 023;;;;AECT BOLA NO PÉ;;;;;;;;vs;A LIGA LESTE;;;;;;;;;;;;;;;;;
19/04/26;;14h00;;Local: Ginásio Noêmia Assunção;;;;;;;;;;;;;;;;;;;;;;;;;;
Jogo nº 024;;;;AA CAMILÓPOLIS;;;;;;;;vs;LIGA SOROCABANA/KGB FUTSAL;;;;;;;;;;;;;;;;;
19/04/26;;14h30;;Local: Ginásio CEU Jd Cumbica - Guarulhos;;;;;;;;;;;;;;;;;;;;;;;;;;
Jogo nº 025;;;;AE CHUTE FUTSAL;;;;;;;;vs;GUARULHENSE;;;;;;;;;;;;;;;;;
19/04/26;;14h30;;Local: Ginásio Mané Garrincha;;;;;;;;;;;;;;;;;;;;;;;;;;
Jogo nº 026;;;;MX7 FUTSAL;;;;;;;;vs;AA ALIANÇA/JACAREÍ;;;;;;;;;;;;;;;;;
19/04/26;;15h00;;Local: Arena 4G;;;;;;;;;;;;;;;;;;;;;;;;;;
Jogo nº 027;;;;AA FLAMENGO;;;;;;;;vs;ATIBAIA FUTSAL;;;;;;;;;;;;;;;;;
ADC LAZULI;;;;;;;;;;;;;;;;;;;;;;;;;;;;;;
2ª RODADA - Grupo B;;;;;;;;;;;;;;;;;;;;;;;;;;;;;;
18/04/26;;8h30;;Local: Ginásio José de Souza Sobrinho;;;;;;;;;;;;;;;;;;;;;;;;;;
Jogo nº;;;;TABOÃO F9;;;;;;;;vs;AE CAPÃO BONITO;;;;;;;;;;;;;;;;;
18/04/26;;14h30;;Local: Quadra da Tânia - Itapevi;;;;;;;;;;;;;;;;;;;;;;;;;;
Jogo nº 028;;;;AD OLIMPIK;;;;;;;;vs;INST FAMÍLIA/LORENA;;;;;;;;;;;;;;;;;
19/04/26;;8h30;;Local: Ginásio Toca do Tigre;;;;;;;;;;;;;;;;;;;;;;;;;;
Jogo nº 029;;;;ADEF;;;;;;;;vs;SC PAULINENSE;;;;;;;;;;;;;;;;;
19/04/26;;8h30;;Local: Centro Esportivo Mané Garrincha (Ibirapuera);;;;;;;;;;;;;;;;;;;;;;;;;;
Jogo nº 030;;;;ASTROS/INDIANO;;;;;;;;vs;"SELECIONADOS ""B""";;;;;;;;;;;;;;;;;
19/04/26;;14h30;;Local: Ginásio do Acadêmicos da Cidade Dutra;;;;;;;;;;;;;;;;;;;;;;;;;;
Jogo nº 031;;;;AE FRIBURGO;;;;;;;;vs;AE METRÓPOLE;;;;;;;;;;;;;;;;;
19/04/26;;14h30;;Local: Ginásio CDC Unileste;;;;;;;;;;;;;;;;;;;;;;;;;;
Jogo nº 032;;;;AE RAPOSAS DA LESTE;;;;;;;;vs;C13 ESPORTES;;;;;;;;;;;;;;;;;
19/04/26;;15h00;;Local: Ginásio CIE Pietra Medeiros;;;;;;;;;;;;;;;;;;;;;;;;;;
Jogo nº 033;;;;CFAF/TABOÃO;;;;;;;;vs;JUBA FUTSAL;;;;;;;;;;;;;;;;;
INST BONS DE BOLA/CONEXÃO 29;;;;;;;;;;;;;;;;;;;;;;;;;;;;;;
2ª RODADA - Grupo C;;;;;;;;;;;;;;;;;;;;;;;;;;;;;;
18/04/26;;8h30;;Local: Ginásio de Esportes Tobias Salgado - AAF;;;;;;;;;;;;;;;;;;;;;;;;;;
Jogo nº 034;;;;AA FERROVIÁRIA/SEMELP PINDA;;;;;;;;vs;ACAP;;;;;;;;;;;;;;;;;
18/04/26;;14h00;;Local: Ginásio Prof. João Carlos de Camargo - Votorantim;;;;;;;;;;;;;;;;;;;;;;;;;;
Jogo nº 035;;;;AE FUTMAX;;;;;;;;vs;A UNIÃO MAUÁ;;;;;;;;;;;;;;;;;
18/04/26;;14h30;;Local: Ginásio Sindicato dos Metalurgicos - Guarulhos;;;;;;;;;;;;;;;;;;;;;;;;;;
Jogo nº 036;;;;KILOUKURA FUTSAL;;;;;;;;vs;EVY GUAIANASES FUTSAL;;;;;;;;;;;;;;;;;
19/04/26;;08h30;;Local: Ginasio Ciro II;;;;;;;;;;;;;;;;;;;;;;;;;;
Jogo nº 037;;;;AE DISCÍPULOS DO FUTSAL;;;;;;;;vs;AD GALATA;;;;;;;;;;;;;;;;;
19/04/26;;14h30;;Local: Ginásio Vila Aparecida - Taubaté;;;;;;;;;;;;;;;;;;;;;;;;;;
Jogo nº 038;;;;ABESC/CAÇAPAVA FUTSAL;;;;;;;;vs;OCIAN PRAIA CLUBE/AJR;;;;;;;;;;;;;;;;;
19/04/26;;14h30;;Local: Ginásio Poliesportivo Victor Savala;;;;;;;;;;;;;;;;;;;;;;;;;;
Jogo nº 039;;;;PROSPERE HORTOLÂNDIA;;;;;;;;vs;ROSA NEGRA/IPASURE;;;;;;;;;;;;;;;;;
19/04/26;;14h30;;Local: Arena CTC Vila Ema;;;;;;;;;;;;;;;;;;;;;;;;;;
Jogo nº 040;;;;AEC INCRÍVEIS;;;;;;;;vs;EF ATLÉTICO MANGALOT;;;;;;;;;;;;;;;;;
3ª RODADA - Grupo A;;;;;;;;;;;;;;;;;;;;;;;;;;;;;;
21/04/26;;8h30;;Local: Ginásio Presidente Ciro I;;;;;;;;;;;;;;;;;;;;;;;;;;
Jogo nº 041;;;;ADC LAZULI;;;;;;;;vs;AE CHUTE FUTSAL;;;;;;;;;;;;;;;;;
21/04/26;;08h30;;Local: Ginásio do Colégio Santa Virginia;;;;;;;;;;;;;;;;;;;;;;;;;;
Jogo nº 042;;;;A LIGA LESTE;;;;;;;;vs;MX7 FUTSAL;;;;;;;;;;;;;;;;;
21/04/26;;14h00;;Local: Ginásio de Esportes Edson Antão de Souza;;;;;;;;;;;;;;;;;;;;;;;;;;
Jogo nº 043;;;;CA DESPORTIVO SOROCABA;;;;;;;;vs;AA CAMILÓPOLIS;;;;;;;;;;;;;;;;;
21/04/26;;14h00;;Local:  Ginásio José Aparecido Franco - Atibaia Jardim;;;;;;;;;;;;;;;;;;;;;;;;;;
Jogo nº 044;;;;ATIBAIA FUTSAL;;;;;;;;vs;ITAPEVI/LAIFS/SEL;;;;;;;;;;;;;;;;;
21/04/26;;14h00;;Local: Ginásio Educamais;;;;;;;;;;;;;;;;;;;;;;;;;;
Jogo nº 045;;;;AA ALIANÇA/JACAREÍ;;;;;;;;vs;AA FLAMENGO;;;;;;;;;;;;;;;;;
21/04/26;;14h30;;Local: Ginásio CDC Unileste;;;;;;;;;;;;;;;;;;;;;;;;;;
Jogo nº 046;;;;UNILESTE/PONTO DE ENCONTRO;;;;;;;;vs;AECT BOLA NO PÉ;;;;;;;;;;;;;;;;;
21/04/26;;14h30;;Local:  Arena Guarulhense;;;;;;;;;;;;;;;;;;;;;;;;;;
Jogo nº 047;;;;GUARULHENSE;;;;;;;;vs;CTC VILA EMA;;;;;;;;;;;;;;;;;
Folga: LIGA SOROCABANA/KGB FUTSAL;;;;;;;;;;;;;;;;;;;;;;;;;;;;;;
3ª RODADA - Grupo B;;;;;;;;;;;;;;;;;;;;;;;;;;;;;;
21/04/26;;08h30;;Local: Ginásio Sport Nico;;;;;;;;;;;;;;;;;;;;;;;;;;
Jogo nº 048;;;;AE METRÓPOLE;;;;;;;;vs;ASTROS/INDIANO;;;;;;;;;;;;;;;;;
21/04/26;;08h30;;Local: Ginasio dos Securitarios;;;;;;;;;;;;;;;;;;;;;;;;;;
Jogo nº 049;;;;INST BONS DE BOLA;;;;;;;;vs;AE RAPOSAS DA LESTE;;;;;;;;;;;;;;;;;
21/04/26;;14h00;;Local: Ginásio Agostinho Fávaro;;;;;;;;;;;;;;;;;;;;;;;;;;
Jogo nº 050;;;;SC PAULINENSE;;;;;;;;vs;TABOÃO F9;;;;;;;;;;;;;;;;;
21/04/26;;14h00;;Local: Ginásio Cidade Nova - Pindamonhangaba;;;;;;;;;;;;;;;;;;;;;;;;;;
Jogo nº 051;;;;INST FAMÍLIA/LORENA;;;;;;;;vs;CFAF/TABOÃO;;;;;;;;;;;;;;;;;
21/04/26;;8h30;;Local: Arena Conde;;;;;;;;;;;;;;;;;;;;;;;;;;
Jogo nº 052;;;;"SELECIONADOS ""B""";;;;;;;;vs;AD OLIMPIK;;;;;;;;;;;;;;;;;
21/04/26;;14h30;;Local: Ginásio Rubens Batazza - Bragança Paulista;;;;;;;;;;;;;;;;;;;;;;;;;;
Jogo nº 053;;;;JUBA FUTSAL;;;;;;;;vs;ADEF;;;;;;;;;;;;;;;;;
21/04/26;;8h30;;Local: Ginásio dos Securitários;;;;;;;;;;;;;;;;;;;;;;;;;;
Jogo nº 054;;;;C13 ESPORTES;;;;;;;;vs;AE FRIBURGO;;;;;;;;;;;;;;;;;
AE CAPÃO BONITO;;;;;;;;;;;;;;;;;;;;;;;;;;;;;;
Grupo C - Isento;;;;;;;;;;;;;;;;;;;;;;;;;;;;;;
Copa União - 25 e 26/04/26;;;;;;;;;;;;;;;;;;;;;;;;;;;;;;
4ª RODADA - Grupo A;;;;;;;;;;;;;;;;;;;;;;;;;;;;;;
02/05/26;;8h30;;Local: Ginásio Presidente Ciro II;;;;;;;;;;;;;;;;;;;;;;;;;;
Jogo nº 055;;;;AECT BOLA NO PÉ;;;;;;;;vs;GUARULHENSE;;;;;;;;;;;;;;;;;
02/05/26;;09h00;;Local: Arena CIEF - Parque da Cohab;;;;;;;;;;;;;;;;;;;;;;;;;;
Jogo nº 056;;;;ITAPEVI/LAIFS/SEL;;;;;;;;vs;AA ALIANÇA/JACAREÍ;;;;;;;;;;;;;;;;;
03/05/26;;08h30;;Local: Arena CTC Vila Ema;;;;;;;;;;;;;;;;;;;;;;;;;;
Jogo nº 057;;;;CTC VILA EMA;;;;;;;;vs;ADC LAZULI;;;;;;;;;;;;;;;;;
03/05/26;;14h00;;Local: Arena Mirante dos Ovines;;;;;;;;;;;;;;;;;;;;;;;;;;
Jogo nº 058;;;;LIGA SOROCABANA/KGB FUTSAL;;;;;;;;vs;CA DESPORTIVO SOROCABA;;;;;;;;;;;;;;;;;
03/05/26;;14h30;;Local: Ginásio Mané Garrincha;;;;;;;;;;;;;;;;;;;;;;;;;;
Jogo nº 059;;;;MX7 FUTSAL;;;;;;;;vs;UNILESTE/PONTO DE ENCONTRO;;;;;;;;;;;;;;;;;
03/05/26;;14h30;;Local: Arena 4G;;;;;;;;;;;;;;;;;;;;;;;;;;
Jogo nº 060;;;;AA FLAMENGO;;;;;;;;vs;A LIGA LESTE;;;;;;;;;;;;;;;;;
03/05/26;;14h30;;Local: Ginásio Noêmia Assunção;;;;;;;;;;;;;;;;;;;;;;;;;;
Jogo nº 061;;;;AA CAMILÓPOLIS;;;;;;;;vs;ATIBAIA FUTSAL;;;;;;;;;;;;;;;;;
AE CHUTE FUTSAL;;;;;;;;;;;;;;;;;;;;;;;;;;;;;;
4ª RODADA - Grupo B;;;;;;;;;;;;;;;;;;;;;;;;;;;;;;
01/05/26;;08h30;;Local: Ginásio do Acadêmicos da Cidade Dutra;;;;;;;;;;;;;;;;;;;;;;;;;;
Jogo nº 062;;;;AE FRIBURGO;;;;;;;;vs;INST BONS DE BOLA/CONEXÃO 29;;;;;;;;;;;;;;;;;
01/05/26;;08h30;;Local: Ginásio José de Souza Sobrinho (Ze do Feijão);;;;;;;;;;;;;;;;;;;;;;;;;;
Jogo nº 063;;;;TABOÃO F9;;;;;;;;vs;JUBA FUTSAL;;;;;;;;;;;;;;;;;
02/05/26;;14h30;;Local: Quadra da Tânia - Itapevi;;;;;;;;;;;;;;;;;;;;;;;;;;
Jogo nº 064;;;;AD OLIMPIK;;;;;;;;vs;AE METRÓPOLE;;;;;;;;;;;;;;;;;
02/05/26;;14h00;;Local: Ginásio José Elias de Proença;;;;;;;;;;;;;;;;;;;;;;;;;;
Jogo nº 065;;;;AE CAPÃO BONITO;;;;;;;;vs;SC PAULINENSE;;;;;;;;;;;;;;;;;
03/05/26;;08h30;;Local: Centro Esportivo Mané Garrincha (Ibirapuera);;;;;;;;;;;;;;;;;;;;;;;;;;
Jogo nº 066;;;;ASTROS/INDIANO;;;;;;;;vs;C13 ESPORTES;;;;;;;;;;;;;;;;;
03/05/26;;08h30;;Local: Ginásio Toca do Tigre;;;;;;;;;;;;;;;;;;;;;;;;;;
Jogo nº 067;;;;ADEF;;;;;;;;vs;INST FAMÍLIA/LORENA;;;;;;;;;;;;;;;;;
03/05/26;;15h00;;Local: Ginásio CIE Pietra Medeiros;;;;;;;;;;;;;;;;;;;;;;;;;;
Jogo nº 068;;;;CFAF/TABOÃO;;;;;;;;vs;"SELECIONADOS ""B""";;;;;;;;;;;;;;;;;
AE RAPOSAS DA LESTE;;;;;;;;;;;;;;;;;;;;;;;;;;;;;;
3ª RODADA - Grupo C;;;;;;;;;;;;;;;;;;;;;;;;;;;;;;
01/05/26;;8h30;;Local: Ginásio Poliesportivo Victor Savala;;;;;;;;;;;;;;;;;;;;;;;;;;
Jogo nº 069;;;;PROSPERE HORTOLÂNDIA;;;;;;;;vs;EF ATLÉTICO MANGALOT;;;;;;;;;;;;;;;;;
02/05/26;;14h30;;Local: Ginásio do GE Mauaense;;;;;;;;;;;;;;;;;;;;;;;;;;
Jogo nº 070;;;;A UNIÃO MAUÁ;;;;;;;;vs;ABESC/CAÇAPAVA FUTSAL;;;;;;;;;;;;;;;;;
02/05/26;;8h30;;Local: Ginásio Presidente Ciro I;;;;;;;;;;;;;;;;;;;;;;;;;;
Jogo nº 071;;;;ACAP;;;;;;;;vs;AE FUTMAX;;;;;;;;;;;;;;;;;
02/05/26;;14h30;;Local: Arena SEECLAG;;;;;;;;;;;;;;;;;;;;;;;;;;
Jogo nº 072;;;;AD GALATA;;;;;;;;vs;OCIAN PRAIA CLUBE/AJR;;;;;;;;;;;;;;;;;
03/05/26;;13h00;;Local: Ginásio do CDC Ipasure;;;;;;;;;;;;;;;;;;;;;;;;;;
Jogo nº 073;;;;ROSA NEGRA/IPASURE;;;;;;;;vs;AA FERROVIÁRIA/SEMELP PINDA;;;;;;;;;;;;;;;;;
03/05/26;;14h30;;Local: Ginásio Ernesto Diogo de Farias;;;;;;;;;;;;;;;;;;;;;;;;;;
Jogo nº 074;;;;EF ATLÉTICO MANGALOT;;;;;;;;vs;KILOUKURA FUTSAL;;;;;;;;;;;;;;;;;
03/05/26;;14h30;;Local: Arena CTC Vila Ema;;;;;;;;;;;;;;;;;;;;;;;;;;
Jogo nº 075;;;;AE DISCÍPULOS DO FUTSAL;;;;;;;;vs;AEC INCRÍVEIS;;;;;;;;;;;;;;;;;
5ª RODADA - Grupo A;;;;;;;;;;;;;;;;;;;;;;;;;;;;;;
09/05/26;;08h30;;Local: Ginásio do Colégio Santa Virginia;;;;;;;;;;;;;;;;;;;;;;;;;;
Jogo nº 076;;;;A LIGA LESTE;;;;;;;;vs;ITAPEVI/LAIFS/SEL;;;;;;;;;;;;;;;;;
09/05/26;;08h30;;Local: Ginásio Presidente Ciro I;;;;;;;;;;;;;;;;;;;;;;;;;;
Jogo nº 077;;;;ADC LAZULI;;;;;;;;vs;AECT BOLA NO PÉ;;;;;;;;;;;;;;;;;
09/05/26;;14h00;;Local:  Ginásio José Aparecido Franco - Atibaia Jardim;;;;;;;;;;;;;;;;;;;;;;;;;;
Jogo nº 078;;;;ATIBAIA FUTSAL;;;;;;;;vs;LIGA SOROCABANA/KGB FUTSAL;;;;;;;;;;;;;;;;;
09/05/26;;14h00;;Local: Ginásio Educamais;;;;;;;;;;;;;;;;;;;;;;;;;;
Jogo nº 079;;;;AA ALIANÇA/JACAREÍ;;;;;;;;vs;AA CAMILÓPOLIS;;;;;;;;;;;;;;;;;
09/05/26;;14h30;;Local:  Arena Guarulhense;;;;;;;;;;;;;;;;;;;;;;;;;;
Jogo nº 080;;;;GUARULHENSE;;;;;;;;vs;MX7 FUTSAL;;;;;;;;;;;;;;;;;
09/05/26;;14h30;;Local: Ginásio CEU Jd Cumbica - Guarulhos;;;;;;;;;;;;;;;;;;;;;;;;;;
Jogo nº 081;;;;AE CHUTE FUTSAL;;;;;;;;vs;CTC VILA EMA;;;;;;;;;;;;;;;;;
10/05/26;;14h30;;Local: Ginásio CDC Unileste;;;;;;;;;;;;;;;;;;;;;;;;;;
Jogo nº 082;;;;UNILESTE/PONTO DE ENCONTRO;;;;;;;;vs;AA FLAMENGO;;;;;;;;;;;;;;;;;
CA DESPORTIVO SOROCABA;;;;;;;;;;;;;;;;;;;;;;;;;;;;;;
5ª RODADA - Grupo B;;;;;;;;;;;;;;;;;;;;;;;;;;;;;;
09/05/26;;14h30;;Local: Ginásio Rubens Batazza - Bragança Paulista;;;;;;;;;;;;;;;;;;;;;;;;;;
Jogo nº 083;;;;JUBA FUTSAL;;;;;;;;vs;AE CAPÃO BONITO;;;;;;;;;;;;;;;;;
09/05/26;;14h30;;Local: Ginásio dos Securitários;;;;;;;;;;;;;;;;;;;;;;;;;;
Jogo nº 084;;;;C13 ESPORTES;;;;;;;;vs;AD OLIMPIK;;;;;;;;;;;;;;;;;
09/05/26;;14h30;;Local: Arena Conde;;;;;;;;;;;;;;;;;;;;;;;;;;
Jogo nº 085;;;;"SELECIONADOS ""B""";;;;;;;;vs;ADEF;;;;;;;;;;;;;;;;;
10/05/26;;08h30;;Local: Ginásio dos Securitários;;;;;;;;;;;;;;;;;;;;;;;;;;
Jogo nº 086;;;;INST BONS DE BOLA;;;;;;;;vs;ASTROS/INDIANO;;;;;;;;;;;;;;;;;
10/05/26;;14h00;;Local: Ginásio Cidade Nova - Pindamonhangaba;;;;;;;;;;;;;;;;;;;;;;;;;;
Jogo nº 087;;;;INST FAMÍLIA/LORENA;;;;;;;;vs;TABOÃO F9;;;;;;;;;;;;;;;;;
10/05/26;;14h30;;Local: Arena Conde;;;;;;;;;;;;;;;;;;;;;;;;;;
Jogo nº 088;;;;AE METRÓPOLE;;;;;;;;vs;CFAF/TABOÃO;;;;;;;;;;;;;;;;;
10/05/26;;14h30;;Local: Arena Guarulhense;;;;;;;;;;;;;;;;;;;;;;;;;;
Jogo nº 089;;;;AE RAPOSAS DA LESTE;;;;;;;;vs;AE FRIBURGO;;;;;;;;;;;;;;;;;
SC PAULINENSE;;;;;;;;;;;;;;;;;;;;;;;;;;;;;;
4ª RODADA - Grupo C;;;;;;;;;;;;;;;;;;;;;;;;;;;;;;
09/05/26;;08h30;;Local: Ginásio de Esportes Tobias Salgado - AAF;;;;;;;;;;;;;;;;;;;;;;;;;;
Jogo nº 090;;;;AA FERROVIÁRIA/SEMELP PINDA;;;;;;;;vs;EVY GUAIANASES FUTSAL;;;;;;;;;;;;;;;;;
09/05/26;;14h00;;Local: Ginásio Prof. João Carlos de Camargo - Votorantim;;;;;;;;;;;;;;;;;;;;;;;;;;
Jogo nº 091;;;;AE FUTMAX;;;;;;;;vs;ROSA NEGRA/IPASURE;;;;;;;;;;;;;;;;;
09/05/26;;14h30;;Local: Ginásio do Ocian Praia Clube;;;;;;;;;;;;;;;;;;;;;;;;;;
Jogo nº 092;;;;OCIAN PRAIA CLUBE/AJR;;;;;;;;vs;A UNIÃO MAUÁ;;;;;;;;;;;;;;;;;
10/05/26;;08h30;;Local: Ginásio CEU Jd Cumbica - Guarulhos;;;;;;;;;;;;;;;;;;;;;;;;;;
Jogo nº 093;;;;KILOUKURA FUTSAL;;;;;;;;vs;AE DISCÍPULOS DO FUTSAL;;;;;;;;;;;;;;;;;
10/05/26;;14h30;;Local: Ginásio Vila Aparecida - Taubaté;;;;;;;;;;;;;;;;;;;;;;;;;;
Jogo nº 094;;;;ABESC/CAÇAPAVA FUTSAL;;;;;;;;vs;ACAP;;;;;;;;;;;;;;;;;
10/05/26;;14h30;;Local: Arena CTC Vila Ema;;;;;;;;;;;;;;;;;;;;;;;;;;
Jogo nº 095;;;;AEC INCRÍVEIS;;;;;;;;vs;AD GALATA;;;;;;;;;;;;;;;;;
Copa União - 16 e 17/05/26;;;;;;;;;;;;;;;;;;;;;;;;;;;;;;
6ª RODADA - Grupo A;;;;;;;;;;;;;;;;;;;;;;;;;;;;;;
23/05/26;;14h30;;Local: Ginásio Mané Garrincha;;;;;;;;;;;;;;;;;;;;;;;;;;
Jogo nº 096;;;;MX7 FUTSAL;;;;;;;;vs;ADC LAZULI;;;;;;;;;;;;;;;;;
24/05/26;;8h30;;Local: Ginásio Presidente Ciro II;;;;;;;;;;;;;;;;;;;;;;;;;;
Jogo nº 097;;;;AECT BOLA NO PÉ;;;;;;;;vs;AE CHUTE FUTSAL;;;;;;;;;;;;;;;;;
24/05/26;;10h00;;Local: Arena Mirante dos Ovines;;;;;;;;;;;;;;;;;;;;;;;;;;
Jogo nº 098;;;;LIGA SOROCABANA/KGB FUTSAL;;;;;;;;vs;AA ALIANÇA/JACAREÍ;;;;;;;;;;;;;;;;;
24/05/26;;10h00;;Local: Ginásio de Esportes Edson Antão de Souza;;;;;;;;;;;;;;;;;;;;;;;;;;
Jogo nº 099;;;;CA DESPORTIVO SOROCABA;;;;;;;;vs;ATIBAIA FUTSAL;;;;;;;;;;;;;;;;;
24/05/26;;13h30;;Local: Ginásio Noêmia Assunção;;;;;;;;;;;;;;;;;;;;;;;;;;
Jogo nº 100;;;;AA CAMILÓPOLIS;;;;;;;;vs;A LIGA LESTE;;;;;;;;;;;;;;;;;
24/05/26;;14h30;;Local: Arena 4G;;;;;;;;;;;;;;;;;;;;;;;;;;
Jogo nº 101;;;;AA FLAMENGO;;;;;;;;vs;GUARULHENSE;;;;;;;;;;;;;;;;;
24/05/26;;14h30;;Local: Arena CIEF - Parque da Cohab;;;;;;;;;;;;;;;;;;;;;;;;;;
Jogo nº 102;;;;ITAPEVI/LAIFS/SEL;;;;;;;;vs;UNILESTE/PONTO DE ENCONTRO;;;;;;;;;;;;;;;;;
CTC VILA EMA;;;;;;;;;;;;;;;;;;;;;;;;;;;;;;
6ª RODADA - Grupo B;;;;;;;;;;;;;;;;;;;;;;;;;;;;;;
23/05/26;;14h00;;Local: Ginásio José Elias de Proença;;;;;;;;;;;;;;;;;;;;;;;;;;
Jogo nº 103;;;;AE CAPÃO BONITO;;;;;;;;vs;INST FAMÍLIA/LORENA;;;;;;;;;;;;;;;;;
23/05/26;;14h30;;Local: Quadra da Tânia - Itapevi;;;;;;;;;;;;;;;;;;;;;;;;;;
Jogo nº 104;;;;AD OLIMPIK;;;;;;;;vs;INST BONS DE BOLA/CONEXÃO 29;;;;;;;;;;;;;;;;;
24/05/26;;08h30;;Local: Centro Esportivo Mané Garrincha (Ibirapuera);;;;;;;;;;;;;;;;;;;;;;;;;;
Jogo nº 105;;;;ASTROS/INDIANO;;;;;;;;vs;AE RAPOSAS DA LESTE;;;;;;;;;;;;;;;;;
24/05/26;;08h30;;Local: Ginásio Toca do Tigre;;;;;;;;;;;;;;;;;;;;;;;;;;
Jogo nº 106;;;;ADEF;;;;;;;;vs;AE METRÓPOLE;;;;;;;;;;;;;;;;;
24/05/26;;14h00;;Local: Ginásio Agostinho Fávaro;;;;;;;;;;;;;;;;;;;;;;;;;;
Jogo nº 107;;;;SC PAULINENSE;;;;;;;;vs;JUBA FUTSAL;;;;;;;;;;;;;;;;;
24/05/26;;14h30;;Local: Ginásio CIE Pietra Medeiros;;;;;;;;;;;;;;;;;;;;;;;;;;
Jogo nº 108;;;;TABOÃO F9;;;;;;;;vs;"SELECIONADOS ""B""";;;;;;;;;;;;;;;;;
24/05/26;;15h00;;Local: Ginásio José de Souza Sobrinho - Zé do Feijão;;;;;;;;;;;;;;;;;;;;;;;;;;
Jogo nº 109;;;;CFAF/TABOÃO;;;;;;;;vs;C13 ESPORTES;;;;;;;;;;;;;;;;;
AE FRIBURGO;;;;;;;;;;;;;;;;;;;;;;;;;;;;;;
5ª RODADA - Grupo C;;;;;;;;;;;;;;;;;;;;;;;;;;;;;;
23/05/26;;8h30;;Local: Ginásio Presidente Ciro II;;;;;;;;;;;;;;;;;;;;;;;;;;
Jogo nº 110;;;;ACAP;;;;;;;;vs;OCIAN PRAIA CLUBE/AJR;;;;;;;;;;;;;;;;;
23/05/26;;14h30;;Local: Arena SEECLAG;;;;;;;;;;;;;;;;;;;;;;;;;;
Jogo nº 111;;;;AD GALATA;;;;;;;;vs;A UNIÃO MAUÁ;;;;;;;;;;;;;;;;;
23/05/26;;14h30;;Local: Ginásio Sport Nico;;;;;;;;;;;;;;;;;;;;;;;;;;
Jogo nº 112;;;;EVY GUAIANASES FUTSAL;;;;;;;;vs;AE FUTMAX;;;;;;;;;;;;;;;;;
23/05/26;;15h00;;Local: Ginásio do CDC Ipasure;;;;;;;;;;;;;;;;;;;;;;;;;;
Jogo nº 113;;;;ROSA NEGRA/IPASURE;;;;;;;;vs;ABESC/CAÇAPAVA FUTSAL;;;;;;;;;;;;;;;;;
24/05/26;;08h30;;Local: Arena CTC Vila Ema;;;;;;;;;;;;;;;;;;;;;;;;;;
Jogo nº 114;;;;AEC INCRÍVEIS;;;;;;;;vs;KILOUKURA FUTSAL;;;;;;;;;;;;;;;;;
24/05/26;;14h30;;Local: Ginásio Ernesto Diogo de Farias;;;;;;;;;;;;;;;;;;;;;;;;;;
Jogo nº 115;;;;EF ATLÉTICO MANGALOT;;;;;;;;vs;AA FERROVIÁRIA/SEMELP PINDA;;;;;;;;;;;;;;;;;
24/05/26;;14h30;;Local: Arena CTC Vila Ema;;;;;;;;;;;;;;;;;;;;;;;;;;
Jogo nº 116;;;;AE DISCÍPULOS DO FUTSAL;;;;;;;;vs;PROSPERE HORTOLÂNDIA;;;;;;;;;;;;;;;;;
7ª RODADA - Grupo A;;;;;;;;;;;;;;;;;;;;;;;;;;;;;;
30/05/26;;08h30;;Local: Ginásio Presidente Ciro I;;;;;;;;;;;;;;;;;;;;;;;;;;
Jogo nº 117;;;;ADC LAZULI;;;;;;;;vs;AA FLAMENGO;;;;;;;;;;;;;;;;;
30/05/26;;08h30;;Local: Ginásio CEU Jd Cumbica - Guarulhos;;;;;;;;;;;;;;;;;;;;;;;;;;
Jogo nº 118;;;;AE CHUTE FUTSAL;;;;;;;;vs;MX7 FUTSAL;;;;;;;;;;;;;;;;;
30/05/26;;08h30;;Local: Ginásio do Colégio Santa Virginia;;;;;;;;;;;;;;;;;;;;;;;;;;
Jogo nº 119;;;;A LIGA LESTE;;;;;;;;vs;LIGA SOROCABANA/KGB FUTSAL;;;;;;;;;;;;;;;;;
30/05/26;;14h00;;Local: Ginásio Educamais;;;;;;;;;;;;;;;;;;;;;;;;;;
Jogo nº 120;;;;AA ALIANÇA/JACAREÍ;;;;;;;;vs;CA DESPORTIVO SOROCABA;;;;;;;;;;;;;;;;;
30/05/26;;14h30;;Local:  Arena Guarulhense;;;;;;;;;;;;;;;;;;;;;;;;;;
Jogo nº 121;;;;GUARULHENSE;;;;;;;;vs;ITAPEVI/LAIFS/SEL;;;;;;;;;;;;;;;;;
30/05/26;;14h30;;Local: Arena CTC Vila Ema;;;;;;;;;;;;;;;;;;;;;;;;;;
Jogo nº 122;;;;CTC VILA EMA;;;;;;;;vs;AECT BOLA NO PÉ;;;;;;;;;;;;;;;;;
31/05/26;;14h30;;Local: Ginásio CDC Unileste;;;;;;;;;;;;;;;;;;;;;;;;;;
Jogo nº 123;;;;UNILESTE/PONTO DE ENCONTRO;;;;;;;;vs;AA CAMILÓPOLIS;;;;;;;;;;;;;;;;;
ATIBAIA FUTSAL;;;;;;;;;;;;;;;;;;;;;;;;;;;;;;
7ª RODADA - Grupo B;;;;;;;;;;;;;;;;;;;;;;;;;;;;;;
30/05/26;;14h30;;Local: Ginásio Sport Nico;;;;;;;;;;;;;;;;;;;;;;;;;;
Jogo nº 124;;;;AE METRÓPOLE;;;;;;;;vs;TABOÃO F9;;;;;;;;;;;;;;;;;
30/05/26;;14h30;;Local: Ginásio dos Securitários;;;;;;;;;;;;;;;;;;;;;;;;;;
Jogo nº 125;;;;C13 ESPORTES;;;;;;;;vs;ADEF;;;;;;;;;;;;;;;;;
31/05/26;;08h30;;Local: Ginásio dos Securitários;;;;;;;;;;;;;;;;;;;;;;;;;;
Jogo nº 126;;;;INST BONS DE BOLA;;;;;;;;vs;CFAF/TABOÃO;;;;;;;;;;;;;;;;;
31/05/26;;14h00;;Local: Ginásio Cidade Nova - Pindamonhangaba;;;;;;;;;;;;;;;;;;;;;;;;;;
Jogo nº 127;;;;INST FAMÍLIA/LORENA;;;;;;;;vs;SC PAULINENSE;;;;;;;;;;;;;;;;;
31/05/26;;14h30;;Local: Arena Guarulhense;;;;;;;;;;;;;;;;;;;;;;;;;;
Jogo nº 128;;;;AE RAPOSAS DA LESTE;;;;;;;;vs;AD OLIMPIK;;;;;;;;;;;;;;;;;
31/05/26;;14h30;;Local: Ginásio do Acadêmicos da Cidade Dutra;;;;;;;;;;;;;;;;;;;;;;;;;;
Jogo nº 129;;;;AE FRIBURGO;;;;;;;;vs;ASTROS/INDIANO;;;;;;;;;;;;;;;;;
31/05/26;;14h30;;Local: Arena Conde;;;;;;;;;;;;;;;;;;;;;;;;;;
Jogo nº 130;;;;"SELECIONADOS ""B""";;;;;;;;vs;AE CAPÃO BONITO;;;;;;;;;;;;;;;;;
JUBA FUTSAL;;;;;;;;;;;;;;;;;;;;;;;;;;;;;;
6ª RODADA - Grupo C;;;;;;;;;;;;;;;;;;;;;;;;;;;;;;
30/05/26;;08h30;;Local: Ginásio de Esportes Tobias Salgado - AAF;;;;;;;;;;;;;;;;;;;;;;;;;;
Jogo nº 131;;;;AA FERROVIÁRIA/SEMELP PINDA;;;;;;;;vs;AE DISCÍPULOS DO FUTSAL;;;;;;;;;;;;;;;;;
30/05/26;;14h30;;Local: Ginásio do Ocian Praia Clube;;;;;;;;;;;;;;;;;;;;;;;;;;
Jogo nº 132;;;;OCIAN PRAIA CLUBE/AJR;;;;;;;;vs;ROSA NEGRA/IPASURE;;;;;;;;;;;;;;;;;
30/05/26;;14h30;;Local: Ginásio do GE Mauaense;;;;;;;;;;;;;;;;;;;;;;;;;;
Jogo nº 133;;;;A UNIÃO MAUÁ;;;;;;;;vs;ACAP;;;;;;;;;;;;;;;;;
30/05/26;;14h00;;Local: Ginásio Prof. João Carlos de Camargo - Votorantim;;;;;;;;;;;;;;;;;;;;;;;;;;
Jogo nº 134;;;;AE FUTMAX;;;;;;;;vs;EF ATLÉTICO MANGALOT;;;;;;;;;;;;;;;;;
31/05/26;;08h30;;Local: Ginásio CEU Jd Cumbica - Guarulhos;;;;;;;;;;;;;;;;;;;;;;;;;;
Jogo nº 135;;;;KILOUKURA FUTSAL;;;;;;;;vs;AD GALATA;;;;;;;;;;;;;;;;;
31/05/26;;14h30;;Local: Ginásio Vila Aparecida - Taubaté;;;;;;;;;;;;;;;;;;;;;;;;;;
Jogo nº 136;;;;ABESC/CAÇAPAVA FUTSAL;;;;;;;;vs;EVY GUAIANASES FUTSAL;;;;;;;;;;;;;;;;;
31/05/26;;14h30;;Local: Ginásio Poliesportivo Victor Savala;;;;;;;;;;;;;;;;;;;;;;;;;;
Jogo nº 137;;;;PROSPERE HORTOLÂNDIA;;;;;;;;vs;AEC INCRÍVEIS;;;;;;;;;;;;;;;;;
Copa União - 04/06/26;;;;;;;;;;;;;;;;;;;;;;;;;;;;;;
8ª RODADA - Grupo A;;;;;;;;;;;;;;;;;;;;;;;;;;;;;;
06/06/26;;14h00;;Local: Ginásio de Esportes Edson Antão de Souza;;;;;;;;;;;;;;;;;;;;;;;;;;
Jogo nº 138;;;;CA DESPORTIVO SOROCABA;;;;;;;;vs;A LIGA LESTE;;;;;;;;;;;;;;;;;
06/06/26;;14h00;;Local:  Ginásio José Aparecido Franco - Atibaia Jardim;;;;;;;;;;;;;;;;;;;;;;;;;;
Jogo nº 139;;;;ATIBAIA FUTSAL;;;;;;;;vs;AA ALIANÇA/JACAREÍ;;;;;;;;;;;;;;;;;
06/06/26;;14h30;;Local: Ginásio Mané Garrincha;;;;;;;;;;;;;;;;;;;;;;;;;;
Jogo nº 140;;;;MX7 FUTSAL;;;;;;;;vs;CTC VILA EMA;;;;;;;;;;;;;;;;;
07/06/26;;14h00;;Local: Arena Mirante dos Ovines;;;;;;;;;;;;;;;;;;;;;;;;;;
Jogo nº 141;;;;LIGA SOROCABANA/KGB FUTSAL;;;;;;;;vs;UNILESTE/PONTO DE ENCONTRO;;;;;;;;;;;;;;;;;
07/06/26;;14h30;;Local: Arena 4G;;;;;;;;;;;;;;;;;;;;;;;;;;
Jogo nº 142;;;;AA FLAMENGO;;;;;;;;vs;AE CHUTE FUTSAL;;;;;;;;;;;;;;;;;
06/06/26;;14h30;;Local: Arena CIEF - Parque da Cohab;;;;;;;;;;;;;;;;;;;;;;;;;;
Jogo nº 143;;;;ITAPEVI/LAIFS/SEL;;;;;;;;vs;ADC LAZULI;;;;;;;;;;;;;;;;;
07/06/26;;14h30;;Local: Ginásio Noêmia Assunção;;;;;;;;;;;;;;;;;;;;;;;;;;
Jogo nº 144;;;;AA CAMILÓPOLIS;;;;;;;;vs;GUARULHENSE;;;;;;;;;;;;;;;;;
AECT BOLA NO PÉ;;;;;;;;;;;;;;;;;;;;;;;;;;;;;;
8ª RODADA - Grupo B;;;;;;;;;;;;;;;;;;;;;;;;;;;;;;
04/06/26;;08h30;;Local: Ginásio do Acadêmicos da Cidade Dutra;;;;;;;;;;;;;;;;;;;;;;;;;;
Jogo nº 145;;;;AE FRIBURGO;;;;;;;;vs;CFAF/TABOÃO;;;;;;;;;;;;;;;;;
04/06/26;;14h00;;Local: Ginásio Agostinho Fávaro;;;;;;;;;;;;;;;;;;;;;;;;;;
Jogo nº 146;;;;SC PAULINENSE;;;;;;;;vs;"SELECIONADOS ""B""";;;;;;;;;;;;;;;;;
06/06/26;;08h30;;Local: Ginásio José de Souza Sobrinho;;;;;;;;;;;;;;;;;;;;;;;;;;
Jogo nº 147;;;;TABOÃO F9;;;;;;;;vs;C13 ESPORTES;;;;;;;;;;;;;;;;;
06/06/26;;14h00;;Local: Ginásio José Elias de Proença;;;;;;;;;;;;;;;;;;;;;;;;;;
Jogo nº 148;;;;AE CAPÃO BONITO;;;;;;;;vs;AE METRÓPOLE;;;;;;;;;;;;;;;;;
06/06/26;;14h30;;Local: Ginásio Rubens Batazza - Bragança Paulista;;;;;;;;;;;;;;;;;;;;;;;;;;
Jogo nº 149;;;;JUBA FUTSAL;;;;;;;;vs;INST FAMÍLIA/LORENA;;;;;;;;;;;;;;;;;
06/06/26;;14h30;;Local: Quadra da Tânia - Itapevi;;;;;;;;;;;;;;;;;;;;;;;;;;
Jogo nº 150;;;;AD OLIMPIK;;;;;;;;vs;AE FRIBURGO;;;;;;;;;;;;;;;;;
07/06/26;;08h30;;Local: Ginásio José de Souza Sobrinho - Zé do Feijão;;;;;;;;;;;;;;;;;;;;;;;;;;
Jogo nº 151;;;;CFAF/TABOÃO;;;;;;;;vs;AE RAPOSAS DA LESTE;;;;;;;;;;;;;;;;;
07/06/26;;08h30;;Local: Ginásio Toca do Tigre;;;;;;;;;;;;;;;;;;;;;;;;;;
Jogo nº 152;;;;ADEF;;;;;;;;vs;INST BONS DE BOLA/CONEXÃO 29;;;;;;;;;;;;;;;;;
ASTROS/INDIANO;;;;;;;;;;;;;;;;;;;;;;;;;;;;;;
7ª RODADA - Grupo C;;;;;;;;;;;;;;;;;;;;;;;;;;;;;;
06/06/26;;08h30;;Local: Ginásio CEU Jd Cumbica - Guarulhos;;;;;;;;;;;;;;;;;;;;;;;;;;
Jogo nº 153;;;;KILOUKURA FUTSAL;;;;;;;;vs;PROSPERE HORTOLÂNDIA;;;;;;;;;;;;;;;;;
06/06/26;;14h30;;Local: Arena CTC Vila Ema;;;;;;;;;;;;;;;;;;;;;;;;;;
Jogo nº 154;;;;AEC INCRÍVEIS;;;;;;;;vs;AA FERROVIÁRIA/SEMELP PINDA;;;;;;;;;;;;;;;;;
06/06/26;;14h30;;Local: Arena SEECLAG;;;;;;;;;;;;;;;;;;;;;;;;;;
Jogo nº 155;;;;AD GALATA;;;;;;;;vs;ACAP;;;;;;;;;;;;;;;;;
06/06/26;;14h30;;Local: Ginásio Sport Nico;;;;;;;;;;;;;;;;;;;;;;;;;;
Jogo nº 156;;;;EVY GUAIANASES FUTSAL;;;;;;;;vs;OCIAN PRAIA CLUBE/AJR;;;;;;;;;;;;;;;;;
06/06/26;;15h00;;Local: Ginásio do CDC Ipasure;;;;;;;;;;;;;;;;;;;;;;;;;;
Jogo nº 157;;;;ROSA NEGRA/IPASURE;;;;;;;;vs;A UNIÃO MAUÁ;;;;;;;;;;;;;;;;;
07/06/26;;14h30;;Local: Ginásio Ernesto Diogo de Farias;;;;;;;;;;;;;;;;;;;;;;;;;;
Jogo nº 158;;;;EF ATLÉTICO MANGALOT;;;;;;;;vs;ABESC/CAÇAPAVA FUTSAL;;;;;;;;;;;;;;;;;
07/06/26;;14h30;;Local: Arena CTC Vila Ema;;;;;;;;;;;;;;;;;;;;;;;;;;
Jogo nº 159;;;;AE DISCÍPULOS DO FUTSAL;;;;;;;;vs;AE FUTMAX;;;;;;;;;;;;;;;;;
9ª RODADA - Grupo A;;;;;;;;;;;;;;;;;;;;;;;;;;;;;;
13/06/26;;08h30;;Local: Ginásio Presidente Ciro I;;;;;;;;;;;;;;;;;;;;;;;;;;
Jogo nº 160;;;;ADC LAZULI;;;;;;;;vs;AA CAMILÓPOLIS;;;;;;;;;;;;;;;;;
13/06/26;;14h30;;Local: Ginásio Presidente Ciro II;;;;;;;;;;;;;;;;;;;;;;;;;;
Jogo nº 161;;;;AECT BOLA NO PÉ;;;;;;;;vs;MX7 FUTSAL;;;;;;;;;;;;;;;;;
13/06/26;;14h30;;Local: Ginásio CEU Jd Cumbica - Guarulhos;;;;;;;;;;;;;;;;;;;;;;;;;;
Jogo nº 162;;;;AE CHUTE FUTSAL;;;;;;;;vs;ITAPEVI/LAIFS/SEL;;;;;;;;;;;;;;;;;
13/06/26;;14h30;;Local:  Arena Guarulhense;;;;;;;;;;;;;;;;;;;;;;;;;;
Jogo nº 163;;;;GUARULHENSE;;;;;;;;vs;LIGA SOROCABANA/KGB FUTSAL;;;;;;;;;;;;;;;;;
14/06/26;;14h30;;Local: Ginásio CDC Unileste;;;;;;;;;;;;;;;;;;;;;;;;;;
Jogo nº 164;;;;UNILESTE/PONTO DE ENCONTRO;;;;;;;;vs;CA DESPORTIVO SOROCABA;;;;;;;;;;;;;;;;;
;;;;Ordem das Categorias: Sub 12, sub 18, Sub 14 e Sub 16;;;;;;;;;;;;;;;;;;;;;;;;;;
14/06/26;;14h30;;Local: Ginásio G E Mauaense;;;;;;;;;;;;;;;;;;;;;;;;;;
Jogo nº 165;;;;A LIGA LESTE;;;;;;;;vs;ATIBAIA FUTSAL;;;;;;;;;;;;;;;;;
14/06/26;;14h30;;Local: Arena CTC Vila Ema;;;;;;;;;;;;;;;;;;;;;;;;;;
Jogo nº 166;;;;CTC VILA EMA;;;;;;;;vs;AA FLAMENGO;;;;;;;;;;;;;;;;;
AA ALIANÇA/JACAREÍ;;;;;;;;;;;;;;;;;;;;;;;;;;;;;;
9ª RODADA - Grupo B;;;;;;;;;;;;;;;;;;;;;;;;;;;;;;
13/06/26;;14h30;;Local: Ginásio dos Securitários;;;;;;;;;;;;;;;;;;;;;;;;;;
Jogo nº 167;;;;C13 ESPORTES;;;;;;;;vs;AE CAPÃO BONITO;;;;;;;;;;;;;;;;;
14/06/26;;08h30;;Local: Centro Esportivo Mané Garrincha (Ibirapuera);;;;;;;;;;;;;;;;;;;;;;;;;;
Jogo nº 168;;;;ASTROS/INDIANO;;;;;;;;vs;AD OLIMPIK;;;;;;;;;;;;;;;;;
14/06/26;;08h30;;Local: Ginásio dos Securitários;;;;;;;;;;;;;;;;;;;;;;;;;;
Jogo nº 169;;;;INST BONS DE BOLA;;;;;;;;vs;TABOÃO F9;;;;;;;;;;;;;;;;;
14/06/26;;14h30;;Local: Arena 4G;;;;;;;;;;;;;;;;;;;;;;;;;;
Jogo nº 170;;;;AE METRÓPOLE;;;;;;;;vs;SC PAULINENSE;;;;;;;;;;;;;;;;;
14/06/26;;14h30;;Local: Arena Conde;;;;;;;;;;;;;;;;;;;;;;;;;;
Jogo nº 171;;;;"SELECIONADOS ""B""";;;;;;;;vs;JUBA FUTSAL;;;;;;;;;;;;;;;;;
14/06/26;;14h30;;Local: Arena Guarulhense;;;;;;;;;;;;;;;;;;;;;;;;;;
Jogo nº 172;;;;AE RAPOSAS DA LESTE;;;;;;;;vs;ADEF;;;;;;;;;;;;;;;;;
INST FAMÍLIA/LORENA;;;;;;;;;;;;;;;;;;;;;;;;;;;;;;
8ª RODADA - Grupo C;;;;;;;;;;;;;;;;;;;;;;;;;;;;;;
13/06/26;;08h30;;Local: Ginásio de Esportes Tobias Salgado - AAF;;;;;;;;;;;;;;;;;;;;;;;;;;
Jogo nº 173;;;;AA FERROVIÁRIA/SEMELP PINDA;;;;;;;;vs;KILOUKURA FUTSAL;;;;;;;;;;;;;;;;;
13/06/26;;14h00;;Local: Ginásio Prof. João Carlos de Camargo - Votorantim;;;;;;;;;;;;;;;;;;;;;;;;;;
Jogo nº 174;;;;AE FUTMAX;;;;;;;;vs;AEC INCRÍVEIS;;;;;;;;;;;;;;;;;
13/06/26;;14h30;;Local: Ginásio do Ocian Praia Clube;;;;;;;;;;;;;;;;;;;;;;;;;;
Jogo nº 175;;;;OCIAN PRAIA CLUBE/AJR;;;;;;;;vs;EF ATLÉTICO MANGALOT;;;;;;;;;;;;;;;;;
13/06/26;;14h30;;Local: Ginásio do GE Mauaense;;;;;;;;;;;;;;;;;;;;;;;;;;
Jogo nº 176;;;;A UNIÃO MAUÁ;;;;;;;;vs;EVY GUAIANASES FUTSAL;;;;;;;;;;;;;;;;;
13/06/26;;14h30;;Local: Ginásio Presidente Ciro I;;;;;;;;;;;;;;;;;;;;;;;;;;
Jogo nº 177;;;;ACAP;;;;;;;;vs;ROSA NEGRA/IPASURE;;;;;;;;;;;;;;;;;
14/06/26;;14h30;;Local: Ginásio Vila Aparecida - Taubaté;;;;;;;;;;;;;;;;;;;;;;;;;;
Jogo nº 178;;;;ABESC/CAÇAPAVA FUTSAL;;;;;;;;vs;AE DISCÍPULOS DO FUTSAL;;;;;;;;;;;;;;;;;
14/06/26;;14h30;;Local: Ginásio Poliesportivo Victor Savala;;;;;;;;;;;;;;;;;;;;;;;;;;
Jogo nº 179;;;;PROSPERE HORTOLÂNDIA;;;;;;;;vs;AD GALATA;;;;;;;;;;;;;;;;;
Copa União - 20 e 21/06/26;;;;;;;;;;;;;;;;;;;;;;;;;;;;;;
10ª RODADA - Grupo A;;;;;;;;;;;;;;;;;;;;;;;;;;;;;;
27/06/26;;14h00;;Local:  Ginásio José Aparecido Franco - Atibaia Jardim;;;;;;;;;;;;;;;;;;;;;;;;;;
Jogo nº 180;;;;ATIBAIA FUTSAL;;;;;;;;vs;UNILESTE/PONTO DE ENCONTRO;;;;;;;;;;;;;;;;;
27/06/26;;14h00;;Local: Ginásio Educamais;;;;;;;;;;;;;;;;;;;;;;;;;;
Jogo nº 181;;;;AA ALIANÇA/JACAREÍ;;;;;;;;vs;A LIGA LESTE;;;;;;;;;;;;;;;;;
27/06/26;;14h30;;Local: Arena CIEF - Parque da Cohab;;;;;;;;;;;;;;;;;;;;;;;;;;
Jogo nº 182;;;;ITAPEVI/LAIFS/SEL;;;;;;;;vs;CTC VILA EMA;;;;;;;;;;;;;;;;;
28/06/26;;10h00;;Local: Ginásio de Esportes Edson Antão de Souza;;;;;;;;;;;;;;;;;;;;;;;;;;
Jogo nº 183;;;;CA DESPORTIVO SOROCABA;;;;;;;;vs;GUARULHENSE;;;;;;;;;;;;;;;;;
28/06/26;;14h00;;Local: Arena Mirante dos Ovines;;;;;;;;;;;;;;;;;;;;;;;;;;
Jogo nº 184;;;;LIGA SOROCABANA/KGB FUTSAL;;;;;;;;vs;ADC LAZULI;;;;;;;;;;;;;;;;;
28/06/26;;14h30;;Local: Ginásio Noêmia Assunção;;;;;;;;;;;;;;;;;;;;;;;;;;
Jogo nº 185;;;;AA CAMILÓPOLIS;;;;;;;;vs;AE CHUTE FUTSAL;;;;;;;;;;;;;;;;;
28/06/26;;14h30;;Local: Arena 4G;;;;;;;;;;;;;;;;;;;;;;;;;;
Jogo nº 186;;;;AA FLAMENGO;;;;;;;;vs;AECT BOLA NO PÉ;;;;;;;;;;;;;;;;;
MX7 FUTSAL;;;;;;;;;;;;;;;;;;;;;;;;;;;;;;
10ª RODADA - Grupo B;;;;;;;;;;;;;;;;;;;;;;;;;;;;;;
27/06/26;;08h30;;Local: Ginásio José de Souza Sobrinho;;;;;;;;;;;;;;;;;;;;;;;;;;
Jogo nº 187;;;;TABOÃO F9;;;;;;;;vs;AE RAPOSAS DA LESTE;;;;;;;;;;;;;;;;;
27/06/26;;14h00;;Local: Ginásio José Elias de Proença;;;;;;;;;;;;;;;;;;;;;;;;;;
Jogo nº 188;;;;AE CAPÃO BONITO;;;;;;;;vs;INST BONS DE BOLA/CONEXÃO 29;;;;;;;;;;;;;;;;;
27/06/26;;14h30;;Local: Ginásio Rubens Batazza - Bragança Paulista;;;;;;;;;;;;;;;;;;;;;;;;;;
Jogo nº 189;;;;JUBA FUTSAL;;;;;;;;vs;AE METRÓPOLE;;;;;;;;;;;;;;;;;
28/06/26;;08h30;;Local: Ginásio Toca do Tigre;;;;;;;;;;;;;;;;;;;;;;;;;;
Jogo nº 190;;;;ADEF;;;;;;;;vs;AE FRIBURGO;;;;;;;;;;;;;;;;;
28/06/26;;14h00;;Local: Ginásio Agostinho Fávaro;;;;;;;;;;;;;;;;;;;;;;;;;;
Jogo nº 191;;;;SC PAULINENSE;;;;;;;;vs;C13 ESPORTES;;;;;;;;;;;;;;;;;
28/06/26;;14h00;;Local: Ginásio Cidade Nova - Pindamonhangaba;;;;;;;;;;;;;;;;;;;;;;;;;;
Jogo nº 192;;;;INST FAMÍLIA/LORENA;;;;;;;;vs;"SELECIONADOS ""B""";;;;;;;;;;;;;;;;;
28/06/26;;15h00;;Local: Ginásio José de Souza Sobrinho - Zé do Feijão;;;;;;;;;;;;;;;;;;;;;;;;;;
Jogo nº 193;;;;CFAF/TABOÃO;;;;;;;;vs;ASTROS/INDIANO;;;;;;;;;;;;;;;;;
AD OLIMPIK;;;;;;;;;;;;;;;;;;;;;;;;;;;;;;
9ª RODADA - Grupo C;;;;;;;;;;;;;;;;;;;;;;;;;;;;;;
27/06/26;;14h30;;Local: Arena SEECLAG;;;;;;;;;;;;;;;;;;;;;;;;;;
Jogo nº 194;;;;AD GALATA;;;;;;;;vs;ROSA NEGRA/IPASURE;;;;;;;;;;;;;;;;;
27/06/26;;14h30;;Local: Ginásio Sport Nico;;;;;;;;;;;;;;;;;;;;;;;;;;
Jogo nº 195;;;;EVY GUAIANASES FUTSAL;;;;;;;;vs;ACAP;;;;;;;;;;;;;;;;;
28/06/26;;08h30;;Local: Arena CTC Vila Ema;;;;;;;;;;;;;;;;;;;;;;;;;;
Jogo nº 196;;;;AEC INCRÍVEIS;;;;;;;;vs;ABESC/CAÇAPAVA FUTSAL;;;;;;;;;;;;;;;;;
28/06/26;;08h30;;Local: Ginásio CEU Jd Cumbica - Guarulhos;;;;;;;;;;;;;;;;;;;;;;;;;;
Jogo nº 197;;;;KILOUKURA FUTSAL;;;;;;;;vs;AE FUTMAX;;;;;;;;;;;;;;;;;
28/06/26;;14h30;;Local: Ginásio Poliesportivo Victor Savala;;;;;;;;;;;;;;;;;;;;;;;;;;
Jogo nº 198;;;;PROSPERE HORTOLÂNDIA;;;;;;;;vs;AA FERROVIÁRIA/SEMELP PINDA;;;;;;;;;;;;;;;;;
28/06/26;;14h30;;Local: Arena CTC Vila Ema;;;;;;;;;;;;;;;;;;;;;;;;;;
Jogo nº 199;;;;AE DISCÍPULOS DO FUTSAL;;;;;;;;vs;OCIAN PRAIA CLUBE/AJR;;;;;;;;;;;;;;;;;
28/06/26;;14h30;;Local: Ginásio Ernesto Diogo de Farias;;;;;;;;;;;;;;;;;;;;;;;;;;
Jogo nº 200;;;;EF ATLÉTICO MANGALOT;;;;;;;;vs;A UNIÃO MAUÁ;;;;;;;;;;;;;;;;;
Copa União - 04 e 05/07/26;;;;;;;;;;;;;;;;;;;;;;;;;;;;;;
Copa União - 01 e 02/08/26;;;;;;;;;;;;;;;;;;;;;;;;;;;;;;
11ª RODADA - Grupo A;;;;;;;;;;;;;;;;;;;;;;;;;;;;;;
08/08/26;;08h30;;Local: Ginasio GE Mauaense;;;;;;;;;;;;;;;;;;;;;;;;;;
Jogo nº 201;;;;ADC LAZULI;;;;;;;;vs;CA DESPORTIVO SOROCABA;;;;;;;;;;;;;;;;;
08/08/26;;14h30;;Local:  Arena Guarulhense;;;;;;;;;;;;;;;;;;;;;;;;;;
Jogo nº 202;;;;GUARULHENSE;;;;;;;;vs;ATIBAIA FUTSAL;;;;;;;;;;;;;;;;;
08/08/26;;14h30;;Local: Ginásio do Sindicato dos Securitários;;;;;;;;;;;;;;;;;;;;;;;;;;
Jogo nº 203;;;;AECT BOLA NO PÉ;;;;;;;;vs;ITAPEVI/LAIFS/SEL;;;;;;;;;;;;;;;;;
08/08/26;;14h30;;Local: Ginásio Mané Garrincha;;;;;;;;;;;;;;;;;;;;;;;;;;
Jogo nº 204;;;;MX7 FUTSAL;;;;;;;;vs;AA FLAMENGO;;;;;;;;;;;;;;;;;
09/08/26;;14h30;;Local: Ginásio CDC Unileste;;;;;;;;;;;;;;;;;;;;;;;;;;
Jogo nº 205;;;;UNILESTE/PONTO DE ENCONTRO;;;;;;;;vs;AA ALIANÇA/JACAREÍ;;;;;;;;;;;;;;;;;
09/08/26;;14h30;;Local: Ginásio PAULISTA DA MOOCA;;;;;;;;;;;;;;;;;;;;;;;;;;
Jogo nº 206;;;;AE CHUTE FUTSAL;;;;;;;;vs;LIGA SOROCABANA/KGB FUTSAL;;;;;;;;;;;;;;;;;
09/08/26;;14h30;;Local: Arena CTC Vila Ema;;;;;;;;;;;;;;;;;;;;;;;;;;
Jogo nº 207;;;;CTC VILA EMA;;;;;;;;vs;AA CAMILÓPOLIS;;;;;;;;;;;;;;;;;
A LIGA LESTE;;;;;;;;;;;;;;;;;;;;;;;;;;;;;;
11ª RODADA - Grupo B;;;;;;;;;;;;;;;;;;;;;;;;;;;;;;
08/08/26;;14h30;;Local: Ginásio dos Securitários;;;;;;;;;;;;;;;;;;;;;;;;;;
Jogo nº 208;;;;C13 ESPORTES;;;;;;;;vs;JUBA FUTSAL;;;;;;;;;;;;;;;;;
08/08/26;;14h30;;Local: Quadra da Tânia - Itapevi;;;;;;;;;;;;;;;;;;;;;;;;;;
Jogo nº 209;;;;AD OLIMPIK;;;;;;;;vs;CFAF/TABOÃO;;;;;;;;;;;;;;;;;
09/08/26;;08h30;;Local: Centro Esportivo Mané Garrincha (Ibirapuera);;;;;;;;;;;;;;;;;;;;;;;;;;
Jogo nº 210;;;;ASTROS/INDIANO;;;;;;;;vs;ADEF;;;;;;;;;;;;;;;;;
09/08/26;;14h30;;Local: Arena Conde;;;;;;;;;;;;;;;;;;;;;;;;;;
Jogo nº 211;;;;AE METRÓPOLE;;;;;;;;vs;INST FAMÍLIA/LORENA;;;;;;;;;;;;;;;;;
09/08/26;;14h30;;Local: Ginásio Sport Nico;;;;;;;;;;;;;;;;;;;;;;;;;;
Jogo nº 212;;;;INST BONS DE BOLA/CONEXÃO 29;;;;;;;;vs;SC PAULINENSE;;;;;;;;;;;;;;;;;
09/08/26;;14h30;;Local: Arena Guarulhense;;;;;;;;;;;;;;;;;;;;;;;;;;
Jogo nº 213;;;;AE RAPOSAS DA LESTE;;;;;;;;vs;AE CAPÃO BONITO;;;;;;;;;;;;;;;;;
09/08/26;;14h30;;Local: Ginásio do Acadêmicos da Cidade Dutra;;;;;;;;;;;;;;;;;;;;;;;;;;
Jogo nº 214;;;;AE FRIBURGO;;;;;;;;vs;TABOÃO F9;;;;;;;;;;;;;;;;;
"SELECIONADOS ""B""";;;;;;;;;;;;;;;;;;;;;;;;;;;;;;
10ª RODADA - Grupo C;;;;;;;;;;;;;;;;;;;;;;;;;;;;;;
08/08/26;;08h30;;Local: Ginásio de Esportes Tobias Salgado - AAF;;;;;;;;;;;;;;;;;;;;;;;;;;
Jogo nº 215;;;;AA FERROVIÁRIA/SEMELP PINDA;;;;;;;;vs;AD GALATA;;;;;;;;;;;;;;;;;
08/08/26;;14h00;;Local: Ginásio Prof. João Carlos de Camargo - Votorantim;;;;;;;;;;;;;;;;;;;;;;;;;;
Jogo nº 216;;;;AE FUTMAX;;;;;;;;vs;PROSPERE HORTOLÂNDIA;;;;;;;;;;;;;;;;;
08/08/26;;14h30;;Local: Ginásio do Ocian Praia Clube;;;;;;;;;;;;;;;;;;;;;;;;;;
Jogo nº 217;;;;OCIAN PRAIA CLUBE/AJR;;;;;;;;vs;AEC INCRÍVEIS;;;;;;;;;;;;;;;;;
08/08/26;;14h30;;Local: Ginásio do GE Mauaense;;;;;;;;;;;;;;;;;;;;;;;;;;
Jogo nº 218;;;;A UNIÃO MAUÁ;;;;;;;;vs;AE DISCÍPULOS DO FUTSAL;;;;;;;;;;;;;;;;;
08/08/26;;14h30;;Local: Ginásio Conde II;;;;;;;;;;;;;;;;;;;;;;;;;;
Jogo nº 219;;;;ACAP;;;;;;;;vs;EF ATLÉTICO MANGALOT;;;;;;;;;;;;;;;;;
08/08/26;;15h00;;Local: Ginásio do CDC Ipasure;;;;;;;;;;;;;;;;;;;;;;;;;;
Jogo nº 220;;;;ROSA NEGRA/IPASURE;;;;;;;;vs;EVY GUAIANASES FUTSAL;;;;;;;;;;;;;;;;;
09/08/26;;14h30;;Local: Ginásio Vila Aparecida - Taubaté;;;;;;;;;;;;;;;;;;;;;;;;;;
Jogo nº 221;;;;ABESC/CAÇAPAVA FUTSAL;;;;;;;;vs;KILOUKURA FUTSAL;;;;;;;;;;;;;;;;;
12ª RODADA - Grupo A;;;;;;;;;;;;;;;;;;;;;;;;;;;;;;
15/08/26;;14h00;;Local: Ginásio de Esportes Edson Antão de Souza;;;;;;;;;;;;;;;;;;;;;;;;;;
Jogo nº 222;;;;CA DESPORTIVO SOROCABA;;;;;;;;vs;AA FLAMENGO;;;;;;;;;;;;;;;;;
15/08/26;;14h30;;Local: Arena CIEF - Parque da Cohab;;;;;;;;;;;;;;;;;;;;;;;;;;
Jogo nº 223;;;;ITAPEVI/LAIFS/SEL;;;;;;;;vs;MX7 FUTSAL;;;;;;;;;;;;;;;;;
15/08/26;;14h00;;Local:  Ginásio José Aparecido Franco - Atibaia Jardim;;;;;;;;;;;;;;;;;;;;;;;;;;
Jogo nº 224;;;;ATIBAIA FUTSAL;;;;;;;;vs;ADC LAZULI;;;;;;;;;;;;;;;;;
15/08/26;;14h00;;Local: Ginásio Educamais;;;;;;;;;;;;;;;;;;;;;;;;;;
Jogo nº 225;;;;AA ALIANÇA/JACAREÍ;;;;;;;;vs;GUARULHENSE;;;;;;;;;;;;;;;;;
15/08/26;;14h30;;Local: Ginásio do GE Mauaense;;;;;;;;;;;;;;;;;;;;;;;;;;
Jogo nº 226;;;;A LIGA LESTE;;;;;;;;vs;UNILESTE/PONTO DE ENCONTRO;;;;;;;;;;;;;;;;;
16/08/26;;10h00;;Local: Ginásio de Esportes Edson Antão de Souza;;;;;;;;;;;;;;;;;;;;;;;;;;
Jogo nº 227;;;;CA DESPORTIVO SOROCABA;;;;;;;;vs;AE CHUTE FUTSAL;;;;;;;;;;;;;;;;;
16/08/26;;14h00;;Local: Arena Mirante dos Ovines;;;;;;;;;;;;;;;;;;;;;;;;;;
Jogo nº 228;;;;LIGA SOROCABANA/KGB FUTSAL;;;;;;;;vs;CTC VILA EMA;;;;;;;;;;;;;;;;;
16/08/26;;14h30;;Local: Ginásio Noêmia Assunção;;;;;;;;;;;;;;;;;;;;;;;;;;
Jogo nº 229;;;;AA CAMILÓPOLIS;;;;;;;;vs;AECT BOLA NO PÉ;;;;;;;;;;;;;;;;;
AA FLAMENGO;;;;;;;;;;;;;;;;;;;;;;;;;;;;;;
12ª RODADA - Grupo B;;;;;;;;;;;;;;;;;;;;;;;;;;;;;;
15/08/26;;08h30;;Local: Ginásio José de Souza Sobrinho;;;;;;;;;;;;;;;;;;;;;;;;;;
Jogo nº 230;;;;TABOÃO F9;;;;;;;;vs;ASTROS/INDIANO;;;;;;;;;;;;;;;;;
15/08/26;;08h30;;Local: Ginásio Rubens Batazza - Bragança Paulista;;;;;;;;;;;;;;;;;;;;;;;;;;
Jogo nº 231;;;;JUBA FUTSAL;;;;;;;;vs;INST BONS DE BOLA/CONEXÃO 29;;;;;;;;;;;;;;;;;
15/08/26;;14h00;;Local: Ginásio José Elias de Proença;;;;;;;;;;;;;;;;;;;;;;;;;;
Jogo nº 232;;;;AE CAPÃO BONITO;;;;;;;;vs;AE FRIBURGO;;;;;;;;;;;;;;;;;
16/08/26;;08h30;;Local: Ginásio Toca do Tigre;;;;;;;;;;;;;;;;;;;;;;;;;;
Jogo nº 233;;;;ADEF;;;;;;;;vs;AD OLIMPIK;;;;;;;;;;;;;;;;;
16/08/26;;14h00;;Local: Ginásio Agostinho Fávaro;;;;;;;;;;;;;;;;;;;;;;;;;;
Jogo nº 234;;;;SC PAULINENSE;;;;;;;;vs;AE RAPOSAS DA LESTE;;;;;;;;;;;;;;;;;
16/08/26;;14h00;;Local: Ginásio Cidade Nova - Pindamonhangaba;;;;;;;;;;;;;;;;;;;;;;;;;;
Jogo nº 235;;;;INST FAMÍLIA/LORENA;;;;;;;;vs;C13 ESPORTES;;;;;;;;;;;;;;;;;
16/08/26;;14h30;;Local: Arena Conde;;;;;;;;;;;;;;;;;;;;;;;;;;
Jogo nº 236;;;;"SELECIONADOS ""B""";;;;;;;;vs;AE METRÓPOLE;;;;;;;;;;;;;;;;;
CFAF/TABOÃO;;;;;;;;;;;;;;;;;;;;;;;;;;;;;;
11ª RODADA - Grupo C ;;;;;;;;;;;;;;;;;;;;;;;;;;;;;;
15/08/26;;08h30;;Local: Ginásio de Esportes Tobias Salgado - AAF;;;;;;;;;;;;;;;;;;;;;;;;;;
Jogo nº 237;;;;AA FERROVIÁRIA/SEMELP PINDA;;;;;;;;vs;AE FUTMAX;;;;;;;;;;;;;;;;;
15/08/26;;14h30;;Local: Arena SEECLAG;;;;;;;;;;;;;;;;;;;;;;;;;;
Jogo nº 238;;;;AD GALATA;;;;;;;;vs;EVY GUAIANASES FUTSAL;;;;;;;;;;;;;;;;;
15/08/26;;14h30;;Local: Arena CTC Vila Ema;;;;;;;;;;;;;;;;;;;;;;;;;;
Jogo nº 239;;;;AEC INCRÍVEIS;;;;;;;;vs;A UNIÃO MAUÁ;;;;;;;;;;;;;;;;;
16/08/26;;14h30;;Local: Ginásio Poliesportivo Victor Savala;;;;;;;;;;;;;;;;;;;;;;;;;;
Jogo nº 240;;;;PROSPERE HORTOLÂNDIA;;;;;;;;vs;ABESC/CAÇAPAVA FUTSAL;;;;;;;;;;;;;;;;;
16/08/26;;14h30;;Local: Ginásio do Ocian Praia Clube;;;;;;;;;;;;;;;;;;;;;;;;;;
Jogo nº 241;;;;KILOUKURA FUTSAL;;;;;;;;vs;OCIAN PRAIA CLUBE/AJR;;;;;;;;;;;;;;;;;
16/08/26;;14h30;;Local: Arena CTC Vila Ema;;;;;;;;;;;;;;;;;;;;;;;;;;
Jogo nº 242;;;;AE DISCÍPULOS DO FUTSAL;;;;;;;;vs;ACAP;;;;;;;;;;;;;;;;;
16/08/26;;14h30;;Local: Ginásio Ernesto Diogo de Farias;;;;;;;;;;;;;;;;;;;;;;;;;;
Jogo nº 243;;;;EF ATLÉTICO MANGALOT;;;;;;;;vs;ROSA NEGRA/IPASURE;;;;;;;;;;;;;;;;;
Copa União - 22 e 23/08/26;;;;;;;;;;;;;;;;;;;;;;;;;;;;;;
13ª RODADA - Grupo A;;;;;;;;;;;;;;;;;;;;;;;;;;;;;;
29/08/26;;14h30;;Local: Ginasio GE Mauaense;;;;;;;;;;;;;;;;;;;;;;;;;;
Jogo nº 244;;;;ADC LAZULI;;;;;;;;vs;AA ALIANÇA/JACAREÍ;;;;;;;;;;;;;;;;;
29/08/26;;14h30;;Local: Ginásio Mané Garrincha;;;;;;;;;;;;;;;;;;;;;;;;;;
Jogo nº 245;;;;MX7 FUTSAL;;;;;;;;vs;AA CAMILÓPOLIS;;;;;;;;;;;;;;;;;
29/08/26;;14h30;;Local:  Arena Guarulhense;;;;;;;;;;;;;;;;;;;;;;;;;;
Jogo nº 246;;;;GUARULHENSE;;;;;;;;vs;A LIGA LESTE;;;;;;;;;;;;;;;;;
29/08/26;;14h30;;Local: Arena CTC Vila Ema;;;;;;;;;;;;;;;;;;;;;;;;;;
Jogo nº 247;;;;CTC VILA EMA;;;;;;;;vs;CA DESPORTIVO SOROCABA;;;;;;;;;;;;;;;;;
30/08/26;;14h30;;Local: Ginásio CEU Jd Cumbica - Guarulhos;;;;;;;;;;;;;;;;;;;;;;;;;;
Jogo nº 248;;;;AE CHUTE FUTSAL;;;;;;;;vs;ATIBAIA FUTSAL;;;;;;;;;;;;;;;;;
30/08/26;;14h30;;Local: Ginásio Conde II;;;;;;;;;;;;;;;;;;;;;;;;;;
Jogo nº 249;;;;AECT BOLA NO PÉ;;;;;;;;vs;LIGA SOROCABANA/KGB FUTSAL;;;;;;;;;;;;;;;;;
30/08/26;;14h30;;Local: Arena 4G;;;;;;;;;;;;;;;;;;;;;;;;;;
Jogo nº 250;;;;AA FLAMENGO;;;;;;;;vs;ITAPEVI/LAIFS/SEL;;;;;;;;;;;;;;;;;
UNILESTE/PONTO DE ENCONTRO;;;;;;;;;;;;;;;;;;;;;;;;;;;;;;
13ª RODADA - Grupo B;;;;;;;;;;;;;;;;;;;;;;;;;;;;;;
29/08/26;;14h30;;Local: Ginásio dos Securitários;;;;;;;;;;;;;;;;;;;;;;;;;;
Jogo nº 251;;;;C13 ESPORTES;;;;;;;;vs;"SELECIONADOS ""B""";;;;;;;;;;;;;;;;;
29/08/26;;14h30;;Local: Quadra da Tânia - Itapevi;;;;;;;;;;;;;;;;;;;;;;;;;;
Jogo nº 252;;;;AD OLIMPIK;;;;;;;;vs;TABOÃO F9;;;;;;;;;;;;;;;;;
30/08/26;;08h30;;Local: Centro Esportivo Mané Garrincha (Ibirapuera);;;;;;;;;;;;;;;;;;;;;;;;;;
Jogo nº 253;;;;ASTROS/INDIANO;;;;;;;;vs;AE CAPÃO BONITO;;;;;;;;;;;;;;;;;
30/08/26;;8h30;;Local: Ginásio dos Securitários;;;;;;;;;;;;;;;;;;;;;;;;;;
Jogo nº 254;;;;INST BONS DE BOLA/CONEXÃO 29;;;;;;;;vs;INST FAMÍLIA/LORENA;;;;;;;;;;;;;;;;;
30/08/26;;14h30;;Local: Ginásio CDC Unileste;;;;;;;;;;;;;;;;;;;;;;;;;;
Jogo nº 255;;;;AE RAPOSAS DA LESTE;;;;;;;;vs;JUBA FUTSAL;;;;;;;;;;;;;;;;;
30/08/26;;15h00;;Local: Ginásio José de Souza Sobrinho - Zé do Feijão;;;;;;;;;;;;;;;;;;;;;;;;;;
Jogo nº 256;;;;CFAF/TABOÃO;;;;;;;;vs;ADEF;;;;;;;;;;;;;;;;;
AE METRÓPOLE;;;;;;;;;;;;;;;;;;;;;;;;;;;;;;
Grupo C ;;;;;;;;;;;;;;;;;;;;;;;;;;;;;;
29/08/26;;14h30;;Local: Ginásio Sport Nico;;;;;;;;;;;;;;;;;;;;;;;;;;
Jogo nº 257;;;;EVY GUAIANASES FUTSAL;;;;;;;;vs;PROSPERE HORTOLÂNDIA;;;;;;;;;;;;;;;;;
14ª RODADA - Grupo A;;;;;;;;;;;;;;;;;;;;;;;;;;;;;;
05/09/26;;08h30;;Local: Ginásio do Colégio Santa Virginia;;;;;;;;;;;;;;;;;;;;;;;;;;
Jogo nº 258;;;;A LIGA LESTE;;;;;;;;vs;ADC LAZULI;;;;;;;;;;;;;;;;;
05/09/26;;14h00;;Local:  Ginásio José Aparecido Franco - Atibaia Jardim;;;;;;;;;;;;;;;;;;;;;;;;;;
Jogo nº 259;;;;ATIBAIA FUTSAL;;;;;;;;vs;CTC VILA EMA;;;;;;;;;;;;;;;;;
05/09/26;;14h00;;Local: Ginásio Educamais;;;;;;;;;;;;;;;;;;;;;;;;;;
Jogo nº 260;;;;AA ALIANÇA/JACAREÍ;;;;;;;;vs;AE CHUTE FUTSAL;;;;;;;;;;;;;;;;;
06/09/26;;10h00;;Local: Ginásio de Esportes Edson Antão de Souza;;;;;;;;;;;;;;;;;;;;;;;;;;
Jogo nº 261;;;;CA DESPORTIVO SOROCABA;;;;;;;;vs;AECT BOLA NO PÉ;;;;;;;;;;;;;;;;;
06/09/26;;14h00;;Local: Arena Mirante dos Ovines;;;;;;;;;;;;;;;;;;;;;;;;;;
Jogo nº 262;;;;LIGA SOROCABANA/KGB FUTSAL;;;;;;;;vs;MX7 FUTSAL;;;;;;;;;;;;;;;;;
06/09/26;;14h30;;Local: Ginásio Noêmia Assunção;;;;;;;;;;;;;;;;;;;;;;;;;;
Jogo nº 263;;;;AA CAMILÓPOLIS;;;;;;;;vs;AA FLAMENGO;;;;;;;;;;;;;;;;;
06/09/26;;14h30;;Local: Ginásio CDC Unileste;;;;;;;;;;;;;;;;;;;;;;;;;;
Jogo nº 264;;;;UNILESTE/PONTO DE ENCONTRO;;;;;;;;vs;GUARULHENSE;;;;;;;;;;;;;;;;;
ITAPEVI/LAIFS/SEL;;;;;;;;;;;;;;;;;;;;;;;;;;;;;;
14ª RODADA - Grupo B;;;;;;;;;;;;;;;;;;;;;;;;;;;;;;
05/09/26;;08h30;;Local: Ginásio José de Souza Sobrinho;;;;;;;;;;;;;;;;;;;;;;;;;;
Jogo nº 265;;;;TABOÃO F9;;;;;;;;vs;CFAF/TABOÃO;;;;;;;;;;;;;;;;;
05/09/26;;08h30;;Local: Ginásio Rubens Batazza - Bragança Paulista;;;;;;;;;;;;;;;;;;;;;;;;;;
Jogo nº 266;;;;JUBA FUTSAL;;;;;;;;vs;AE FRIBURGO;;;;;;;;;;;;;;;;;
05/09/26;;14h00;;Local: Ginásio José Elias de Proença;;;;;;;;;;;;;;;;;;;;;;;;;;
Jogo nº 267;;;;AE CAPÃO BONITO;;;;;;;;vs;AD OLIMPIK;;;;;;;;;;;;;;;;;
05/09/26;;14h30;;Local: Arena Conde;;;;;;;;;;;;;;;;;;;;;;;;;;
Jogo nº 268;;;;"SELECIONADOS ""B""";;;;;;;;vs;INST BONS DE BOLA/CONEXÃO 29;;;;;;;;;;;;;;;;;
06/09/26;;14h00;;Local: Ginásio Agostinho Fávaro;;;;;;;;;;;;;;;;;;;;;;;;;;
Jogo nº 269;;;;SC PAULINENSE;;;;;;;;vs;ASTROS/INDIANO;;;;;;;;;;;;;;;;;
06/09/26;;14h00;;Local: Ginásio Cidade Nova - Pindamonhangaba;;;;;;;;;;;;;;;;;;;;;;;;;;
Jogo nº 270;;;;INST FAMÍLIA/LORENA;;;;;;;;vs;AE RAPOSAS DA LESTE;;;;;;;;;;;;;;;;;
06/09/26;;14h30;;Local: Arena Conde;;;;;;;;;;;;;;;;;;;;;;;;;;
Jogo nº 271;;;;AE METRÓPOLE;;;;;;;;vs;C13 ESPORTES;;;;;;;;;;;;;;;;;
07/09/26;;14h30;;Local: Ginásio do Acadêmicos da Cidade Dutra;;;;;;;;;;;;;;;;;;;;;;;;;;
Jogo nº 272;;;;AE FRIBURGO;;;;;;;;vs;SC PAULINENSE;;;;;;;;;;;;;;;;;
ADEF;;;;;;;;;;;;;;;;;;;;;;;;;;;;;;
12ª RODADA - Grupo C ;;;;;;;;;;;;;;;;;;;;;;;;;;;;;;
05/09/26;;14h00;;Local: Ginásio Prof. João Carlos de Camargo - Votorantim;;;;;;;;;;;;;;;;;;;;;;;;;;
Jogo nº 273;;;;AE FUTMAX;;;;;;;;vs;AD GALATA;;;;;;;;;;;;;;;;;
05/09/26;;14h30;;Local: Ginásio do Ocian Praia Clube;;;;;;;;;;;;;;;;;;;;;;;;;;
Jogo nº 274;;;;OCIAN PRAIA CLUBE/AJR;;;;;;;;vs;PROSPERE HORTOLÂNDIA;;;;;;;;;;;;;;;;;
05/09/26;;14h30;;Local: Ginásio Sport Nico;;;;;;;;;;;;;;;;;;;;;;;;;;
Jogo nº 275;;;;EVY GUAIANASES FUTSAL;;;;;;;;vs;EF ATLÉTICO MANGALOT;;;;;;;;;;;;;;;;;
05/09/26;;14h30;;Local: Ginásio do GE Mauaense;;;;;;;;;;;;;;;;;;;;;;;;;;
Jogo nº 276;;;;A UNIÃO MAUÁ;;;;;;;;vs;KILOUKURA FUTSAL;;;;;;;;;;;;;;;;;
05/09/26;;14h30;;Local: Ginásio do Sindicato dos Securitários;;;;;;;;;;;;;;;;;;;;;;;;;;
Jogo nº 278;;;;ACAP;;;;;;;;vs;AEC INCRÍVEIS;;;;;;;;;;;;;;;;;
05/09/26;;15h00;;Local: Ginásio do CDC Ipasure;;;;;;;;;;;;;;;;;;;;;;;;;;
Jogo nº 279;;;;ROSA NEGRA/IPASURE;;;;;;;;vs;AE DISCÍPULOS DO FUTSAL;;;;;;;;;;;;;;;;;
06/09/26;;14h30;;Local: Ginásio Vila Aparecida - Taubaté;;;;;;;;;;;;;;;;;;;;;;;;;;
Jogo nº 280;;;;ABESC/CAÇAPAVA FUTSAL;;;;;;;;vs;AA FERROVIÁRIA/SEMELP PINDA;;;;;;;;;;;;;;;;;
Copa União - 12 e 13/09/26;;;;;;;;;;;;;;;;;;;;;;;;;;;;;;
15ª RODADA - Grupo A;;;;;;;;;;;;;;;;;;;;;;;;;;;;;;
19/09/26;;08h30;;Local: Arena CIEF - Parque da Cohab;;;;;;;;;;;;;;;;;;;;;;;;;;
Jogo nº281;;;;ITAPEVI/LAIFS/SEL;;;;;;;;vs;AA CAMILÓPOLIS;;;;;;;;;;;;;;;;;
19/09/26;;14h30;;Local: Ginasio GE Mauaense;;;;;;;;;;;;;;;;;;;;;;;;;;
Jogo nº 282;;;;ADC LAZULI;;;;;;;;vs;UNILESTE/PONTO DE ENCONTRO;;;;;;;;;;;;;;;;;
19/09/26;;14h30;;Local: Ginasio Paulista da Mooca;;;;;;;;;;;;;;;;;;;;;;;;;;
Jogo nº 283;;;;AE CHUTE FUTSAL;;;;;;;;vs;A LIGA LESTE;;;;;;;;;;;;;;;;;
19/09/26;;14h30;;Local: Arena CTC Vila Ema;;;;;;;;;;;;;;;;;;;;;;;;;;
Jogo nº 284;;;;CTC VILA EMA;;;;;;;;vs;AA ALIANÇA/JACAREÍ;;;;;;;;;;;;;;;;;
19/09/26;;14h30;;Local: Ginásio Mané Garrincha;;;;;;;;;;;;;;;;;;;;;;;;;;
Jogo nº 285;;;;MX7 FUTSAL;;;;;;;;vs;CA DESPORTIVO SOROCABA;;;;;;;;;;;;;;;;;
20/09/26;;14h30;;Local: Ginásio Conde II;;;;;;;;;;;;;;;;;;;;;;;;;;
Jogo nº 286;;;;AECT BOLA NO PÉ;;;;;;;;vs;ATIBAIA FUTSAL;;;;;;;;;;;;;;;;;
20/09/26;;14h30;;Local: Arena 4G;;;;;;;;;;;;;;;;;;;;;;;;;;
Jogo nº 287;;;;AA FLAMENGO;;;;;;;;vs;LIGA SOROCABANA/KGB FUTSAL;;;;;;;;;;;;;;;;;
GUARULHENSE;;;;;;;;;;;;;;;;;;;;;;;;;;;;;;
15ª RODADA - Grupo B;;;;;;;;;;;;;;;;;;;;;;;;;;;;;;
19/09/26;;08h30;;Local: Ginásio José de Souza Sobrinho - Zé do Feijão;;;;;;;;;;;;;;;;;;;;;;;;;;
Jogo nº 288;;;;CFAF/TABOÃO;;;;;;;;vs;AE CAPÃO BONITO;;;;;;;;;;;;;;;;;
19/09/26;;14h30;;Local: Quadra da Tânia - Itapevi;;;;;;;;;;;;;;;;;;;;;;;;;;
Jogo nº 289;;;;AD OLIMPIK;;;;;;;;vs;SC PAULINENSE;;;;;;;;;;;;;;;;;
20/09/26;;08h30;;Local: Centro Esportivo Mané Garrincha (Ibirapuera);;;;;;;;;;;;;;;;;;;;;;;;;;
Jogo nº 290;;;;ASTROS/INDIANO;;;;;;;;vs;JUBA FUTSAL;;;;;;;;;;;;;;;;;
20/09/26;;08h30;;Local: Ginásio Toca do Tigre;;;;;;;;;;;;;;;;;;;;;;;;;;
Jogo nº 291;;;;ADEF;;;;;;;;vs;TABOÃO F9;;;;;;;;;;;;;;;;;
20/09/26;;14h30;;Local: Ginásio Sport Nico;;;;;;;;;;;;;;;;;;;;;;;;;;
Jogo nº 292;;;;INST BONS DE BOLA/CONEXÃO 29;;;;;;;;vs;AE METRÓPOLE;;;;;;;;;;;;;;;;;
20/09/26;;14h30;;Local: Ginásio CDC Unileste;;;;;;;;;;;;;;;;;;;;;;;;;;
Jogo nº 293;;;;AE RAPOSAS DA LESTE;;;;;;;;vs;"SELECIONADOS ""B""";;;;;;;;;;;;;;;;;
20/09/26;;14h30;;Local: Ginásio do Acadêmicos da Cidade Dutra;;;;;;;;;;;;;;;;;;;;;;;;;;
Jogo nº 294;;;;AE FRIBURGO;;;;;;;;vs;INST FAMÍLIA/LORENA;;;;;;;;;;;;;;;;;
Folga: C13 ESPORTES;;;;;;;;;;;;;;;;;;;;;;;;;;;;;;
13ª RODADA - Grupo C;;;;;;;;;;;;;;;;;;;;;;;;;;;;;;
19/09/26;;08h30;;Local: Ginásio de Esportes Tobias Salgado - AAF;;;;;;;;;;;;;;;;;;;;;;;;;;
Jogo nº 295;;;;AA FERROVIÁRIA/SEMELP PINDA;;;;;;;;vs;OCIAN PRAIA CLUBE/AJR;;;;;;;;;;;;;;;;;
19/09/26;;14h00;;Local: Ginásio Prof. João Carlos de Camargo - Votorantim;;;;;;;;;;;;;;;;;;;;;;;;;;
Jogo nº 296;;;;AE FUTMAX;;;;;;;;vs;ABESC/CAÇAPAVA FUTSAL;;;;;;;;;;;;;;;;;
19/09/26;;14h30;;Local: Arena SEECLAG;;;;;;;;;;;;;;;;;;;;;;;;;;
Jogo nº 297;;;;AD GALATA;;;;;;;;vs;EF ATLÉTICO MANGALOT;;;;;;;;;;;;;;;;;
19/09/26;;14h30;;Local: Arena CTC Vila Ema;;;;;;;;;;;;;;;;;;;;;;;;;;
Jogo nº 298;;;;AEC INCRÍVEIS;;;;;;;;vs;ROSA NEGRA/IPASURE;;;;;;;;;;;;;;;;;
20/09/26;;08h30;;Local: Ginásio CEU Jd Cumbica - Guarulhos;;;;;;;;;;;;;;;;;;;;;;;;;;
Jogo nº 299;;;;KILOUKURA FUTSAL;;;;;;;;vs;ACAP;;;;;;;;;;;;;;;;;
20/09/26;;8h30;;Local: Ginásio Poliesportivo Victor Savala;;;;;;;;;;;;;;;;;;;;;;;;;;
Jogo nº 300;;;;PROSPERE HORTOLÂNDIA;;;;;;;;vs;A UNIÃO MAUÁ;;;;;;;;;;;;;;;;;
20/09/26;;14h30;;Local: Arena CTC Vila Ema;;;;;;;;;;;;;;;;;;;;;;;;;;
Jogo nº 301;;;;AE DISCÍPULOS DO FUTSAL;;;;;;;;vs;EVY GUAIANASES FUTSAL;;;;;;;;;;;;;;;;;
;;;;;;;;;;;;;;;;;;;;;;;;;;;;;;
;;;;;;;;;;;;São Paulo, 06 de abril de 2026.;;;;;;;;;;;;;;;;;;
;;;;;;;;;;;;;;;;;;;;;;;;;;;;;;
;;;;;;;;;;;;DEPARTAMENTO TÉCNICO - FPFS;;;;;;;;;;;;;;;;;;
;;;;;;;;;;;;;;;;;;;;;;;;;;;;;;
;;;;;;;;;;;;;;;;;;;;;;;;;;;;;;
;;;;;;;;;;;;;;;;;;;;;;;;;;;;;;
;;;;;;;;;;;;;;;;;;;;;;;;;;;;;;
;;;;;;;;;;;;;;;;;;;;;;;;;;;;;;
;;;;;;;;;;;;;;;;;;;;;;;;;;;;;;
;;;;;;;;;;;;;;;;;;;;;;;;;;;;;;
;;;;;;;;;;;;;;;;;;;;;;;;;;;;;;
;;;;;;;;;;;;;;;;;;;;;;;;;;;;;;
;;;;;;;;;;;;;;;;;;;;;;;;;;;;;;
;;;;;;;;;;;;;;;;;;;;;;;;;;;;;;
;;;;;;;;;;;;;;;;;;;;;;;;;;;;;;
;;;;;;;;;;;;;;;;;;;;;;;;;;;;;;
;;;;;;;;;;;;;;;;;;;;;;;;;;;;;;
;;;;;;;;;;;;;;;;;;;;;;;;;;;;;;
;;;;;;;;;;;;;;;;;;;;;;;;;;;;;;
;;;;;;;;;;;;;;;;;;;;;;;;;;;;;;
;;;;;;;;;;;;;;;;;;;;;;;;;;;;;;
;;;;;;;;;;;;;;;;;;;;;;;;;;;;;;
;;;;;;;;;;;;;;;;;;;;;;;;;;;;;;
;;;;;;;;;;;;;;;;;;;;;;;;;;;;;;
;;;;;;;;;;;;;;;;;;;;;;;;;;;;;;
;;;;;;;;;;;;;;;;;;;;;;;;;;;;;;
;;;;;;;;;;;;;;;;;;;;;;;;;;;;;;
;;;;;;;;;;;;;;;;;;;;;;;;;;;;;;
;;;;;;;;;;;;;;;;;;;;;;;;;;;;;;
;;;;;;;;;;;;;;;;;;;;;;;;;;;;;;
;;;;;;;;;;;;;;;;;;;;;;;;;;;;;;
;;;;;;;;;;;;;;;;;;;;;;;;;;;;;;
